target_id,repo,manual_test_methods,held_out_methods,repeat,held_out_names,floor_target_id,human_token_jaccard,human_codebleu,human_closeness_score,human_assertion_conformance,human_naming_style_conformance,human_naming_clarity,human_naming_conformance,human_fixture_reuse,human_import_conformance,human_conformance_score,floor_token_jaccard,floor_codebleu,floor_closeness_score,floor_assertion_conformance,floor_naming_style_conformance,floor_naming_clarity,floor_naming_conformance,floor_fixture_reuse,floor_import_conformance,floor_conformance_score
T02_CheckpointCoordinator,apache/flink,58,5,0,testTriggerAndConfirmSimpleSavepoint;testTriggerAndDeclineSyncCheckpointFailureSimple;testExternalizedCheckpoints;testPartitionableStateRepartitioning;testCheckpointStatsUpdatedAfterFailure,T03_TableMetadata,0.5976447497546614,0.3362886939615603,0.46696672185811083,0.859131512029732,1.0,0.9333333333333333,0.9666666666666667,0.392,1.0,0.8044495446740997,0.10376282782212087,0.2570558983975898,0.18040936310985534,0.6657142857142857,1.0,0.9333333333333333,0.9666666666666667,0.0,0.09375,0.43153273809523807
T02_CheckpointCoordinator,apache/flink,58,5,1,testCheckpointAbortsIfTriggerTasksAreFinishedAndIOException;testTriggerCheckpoint;testMaxConcurrentAttemptsWithSubsumption;jobFailsIfInFlightSynchronousSavepointIsDiscarded;testCheckpointAbortsIfTriggerTasksAreNotExecuted,T03_TableMetadata,0.5760549558390579,0.33688897796997574,0.4564719669045168,0.7856632531555132,0.8,0.9333333333333333,0.8666666666666667,0.4108527131782946,1.0,0.7657956582501186,0.10686164229471316,0.25652967322060327,0.18169565775765822,0.5823875577973938,0.8150000000000001,0.9333333333333333,0.8741666666666668,0.0,0.09375,0.38757605611601514
T02_CheckpointCoordinator,apache/flink,58,5,2,testTriggerAndDeclineAsyncCheckpointFailureSimple;testTriggerCheckpointAfterStopping;testCreateKeyGroupPartitions;testResetCalledInRegionRecovery;testCompletionFutureCompletesAfterReporting,T03_TableMetadata,0.5642787046123651,0.31120383855070327,0.4377412715815342,0.8038770053475937,1.0,1.0,1.0,0.4297520661157025,1.0,0.8084072678658241,0.1076923076923077,0.24692755896287286,0.17730993332759026,0.6300152361604876,1.0,1.0,1.0,0.0,0.09375,0.4309413090401219
T02_CheckpointCoordinator,apache/flink,58,5,3,testIOExceptionForPeriodicSchedulingWithInactiveTasks;testExternallyInducedSourceWithOperatorCoordinator;testReportLatestCompletedCheckpointIdWithAbort;testHandleMessagesForNonExistingCheckpoints;testMaxConcurrentAttemptsWithSubsumption,T03_TableMetadata,0.6104023552502453,0.37316474526917764,0.4917835502597115,0.8125987525987526,1.0,1.0,1.0,0.37012987012987014,1.0,0.7956821556821557,0.1038374717832957,0.2616744484243858,0.18275596010384076,0.6273687480584033,1.0,1.0,1.0,0.0,0.09375,0.43027968701460084
T02_CheckpointCoordinator,apache/flink,58,5,4,testSharedStateRegistrationOnRestore;testTriggerCheckpointAfterStopping;testTasksFinishDuringTriggering;testScheduleTriggerRequestDuringShutdown;testAbortedCheckpointStatsUpdatedAfterFailure,T03_TableMetadata,0.57801766437684,0.34286684616004137,0.4604422552684407,0.7964985163204747,1.0,1.0,1.0,0.4,1.0,0.7991246290801187,0.10344827586206896,0.25497343523677257,0.17921085554942076,0.6657471264367816,1.0,1.0,1.0,0.0,0.09375,0.4398742816091954
T02_CheckpointCoordinator,apache/flink,58,5,5,testBaseLocationsNotInitialized;testCheckpointAbortsIfTriggerTasksAreFinishedAndIOException;testScheduleTriggerRequestDuringShutdown;testSharedStateNotDiscaredOnAbort;testSavepointScheduledInUnalignedMode,T03_TableMetadata,0.5682041216879293,0.32235063865629815,0.4452773801721137,0.8244261119081779,1.0,1.0,1.0,0.44285714285714284,1.0,0.8168208136913302,0.10488798370672098,0.25883312765114325,0.1818605556789321,0.6391096979332274,1.0,1.0,1.0,0.0,0.09375,0.43321492448330684
T02_CheckpointCoordinator,apache/flink,58,5,6,testTriggerAndDeclineCheckpointThenFailureManagerThrowsException;testCheckpointTimeoutIsolated;testCheckpointAbortsIfTriggerTasksAreFinished;testConcurrentSavepoints;testTriggerAndDeclineAsyncCheckpointFailureSimple,T03_TableMetadata,0.5858684985279686,0.3402081680923721,0.46303833331017036,0.846685606060606,1.0,0.9333333333333333,0.9666666666666667,0.38345864661654133,1.0,0.7992027298359535,0.10341365461847389,0.2610263559714636,0.18222000529496876,0.5836805555555555,1.0,0.9333333333333333,0.9666666666666667,0.0,0.09375,0.4110243055555556
T02_CheckpointCoordinator,apache/flink,58,5,7,testCreateKeyGroupPartitions;testSharedStateNotDiscaredOnAbort;testMaxConcurrentAttemptsWithSubsumption;testCompleteCheckpointFailureWithExternallyInducedSource;testExternalizedCheckpoints,T03_TableMetadata,0.591756624141315,0.35473656888805666,0.4732465965146858,0.7522088353413654,1.0,0.9333333333333333,0.9666666666666667,0.4430379746835443,1.0,0.790478369172894,0.10595358224016145,0.2608962199659264,0.1834249011030439,0.6576335877862596,1.0,0.9333333333333333,0.9666666666666667,0.0,0.09375,0.42951256361323153
T02_CheckpointCoordinator,apache/flink,58,5,8,testTriggerAndDeclineCheckpointThenFailureManagerThrowsException;testPeriodicSchedulingWithInactiveTasks;testSuccessfulCheckpointSubsumesUnsuccessful;testNotifyCheckpointAbortionInOperatorCoordinator;testReportStatsAfterFailure,T03_TableMetadata,0.6064769381746811,0.3756149870619714,0.4910459626183262,0.860217673814165,1.0,1.0,1.0,0.32298136645962733,1.0,0.7957997600684481,0.0968421052631579,0.25645841163006183,0.17665025844660986,0.6371345029239766,1.0,1.0,1.0,0.0,0.09375,0.43272112573099414
T02_CheckpointCoordinator,apache/flink,58,5,9,testTriggerAndDeclineAsyncCheckpointFailureSimple;testCreateKeyGroupPartitions;testExternalizedCheckpoints;testCheckpointStatsTrackerRestoreCallback;testReportLatestCompletedCheckpointIdWithAbort,T03_TableMetadata,0.5799803729146222,0.3185714925855153,0.4492759327500688,0.7593688362919132,1.0,0.9333333333333333,0.9666666666666667,0.3798449612403101,1.0,0.7764701160497225,0.10573678290213723,0.24760159687724462,0.17666918988969094,0.630524861878453,1.0,0.9333333333333333,0.9666666666666667,0.0,0.09375,0.4227353821362799
T03_TableMetadata,apache/iceberg,48,5,0,testMetadataWithRemoveSchemas;testJsonWithPreviousMetadataLog;testCreateV2MetadataThroughTableProperty;onlyMetadataLocationIsUpdatedWithoutTimestampAndMetadataLogEntry;testUpgradeMetadataThroughTableProperty,T04_SubscriptionState,0.46814404432132967,0.2806298817660209,0.37438696304367525,0.7028571428571428,0.8097560975609757,0.9939393939393939,0.9018477457501848,0.3333333333333333,1.0,0.7345095554851653,0.09010989010989011,0.18716024862525887,0.1386350693675745,0.0,0.9117647058823529,0.9939393939393939,0.9528520499108735,0.0,0.05555555555555555,0.25210190136660726
T03_TableMetadata,apache/iceberg,48,5,1,testReplaceMetadataThroughTableProperty;testPartitionStatistics;testParserV2SchemasValidation;testParseStatisticsFiles;testNoTrailingLocationSlash,T04_SubscriptionState,0.4498714652956298,0.2526438956205589,0.35125768045809436,0.7521467603434817,1.0,0.9333333333333333,0.9666666666666667,0.4,1.0,0.7797033567525371,0.09492273730684327,0.17850000158198875,0.136711369444416,0.0,1.0,0.9333333333333333,0.9666666666666667,0.0,0.05555555555555555,0.25555555555555554
T03_TableMetadata,apache/iceberg,48,5,2,testCreateV2MetadataThroughTableProperty;testParserV2LastAssignedFieldIdValidation;testPartitionStatistics;testParserV2SchemasValidation;testManifestListIndexProjection,T04_SubscriptionState,0.4076086956521739,0.2535867012337663,0.3305976984429701,0.7689182326053834,1.0,0.9333333333333333,0.9666666666666667,0.4666666666666667,1.0,0.8005628914846792,0.09885057471264368,0.17479616983020424,0.13682337227142397,0.0,1.0,0.9333333333333333,0.9666666666666667,0.0,0.05555555555555555,0.25555555555555554
T03_TableMetadata,apache/iceberg,48,5,3,testReplaceMetadataThroughTableProperty;testParseSchemaIdentifierFields;testParserVersionValidation;testSetPartitionStatistics;testParserV2SortOrderValidation,T04_SubscriptionState,0.4320652173913043,0.2599866101550896,0.34602591377319697,0.8017241379310345,1.0,1.0,1.0,0.5625,1.0,0.8410560344827587,0.09070796460176991,0.17847798422114144,0.13459297441145568,0.0,1.0,1.0,1.0,0.0,0.05555555555555555,0.2638888888888889
T03_TableMetadata,apache/iceberg,48,5,4,testParserVersionValidation;testBuildReplacementForV2Table;testManifestListIndexProjection;testParserV2LastAssignedFieldIdValidation;testParseMinimal,T04_SubscriptionState,0.43775100401606426,0.26365070760151393,0.35070085580878907,0.7564655172413793,1.0,0.9333333333333333,0.9666666666666667,0.5555555555555556,1.0,0.8196719348659004,0.09541984732824428,0.18287519794605298,0.13914752263714864,0.0,1.0,0.9333333333333333,0.9666666666666667,0.0,0.05555555555555555,0.25555555555555554
T03_TableMetadata,apache/iceberg,48,5,5,testSetStatistics;testBackwardCompat;testParserV2SchemasValidation;testSetPartitionStatistics;testBuildReplacementForV2Table,T04_SubscriptionState,0.4759036144578313,0.31928797439218953,0.3975957944250104,0.7805662805662805,1.0,0.8666666666666666,0.9333333333333333,0.3333333333333333,1.0,0.7618082368082368,0.100990099009901,0.1956813441650091,0.14833572158745506,0.0,1.0,0.8666666666666666,0.9333333333333333,0.0,0.05555555555555555,0.24722222222222223
T03_TableMetadata,apache/iceberg,48,5,6,testUpgradeMetadataThroughTableProperty;testBranchSnapshotMissing;testRemoveStatistics;testNewTableMetadataReassignmentAllIds;testAddPreviousMetadataRemoveOne,T04_SubscriptionState,0.46693386773547096,0.32240179743449615,0.39466783258498356,0.7388888888888889,1.0,0.9333333333333333,0.9666666666666667,0.1935483870967742,1.0,0.7247759856630824,0.1111111111111111,0.21193582668720296,0.16152346889915703,0.0,1.0,0.9333333333333333,0.9666666666666667,0.0,0.05555555555555555,0.25555555555555554
T03_TableMetadata,apache/iceberg,48,5,7,testJsonConversion;removeRefKeepsSnapshotLog;testNewTableMetadataReassignmentAllIds;testBackwardCompat;testParserV2PartitionSpecsValidation,T04_SubscriptionState,0.4248496993987976,0.3237021293496207,0.37427591437420915,0.6894164833743046,0.8097560975609757,0.8666666666666666,0.8382113821138211,0.3548387096774194,1.0,0.7206166437913862,0.09879032258064516,0.1952556516863231,0.14702298713348413,0.0,0.9117647058823529,0.8666666666666666,0.8892156862745098,0.0,0.05555555555555555,0.23619281045751633
T03_TableMetadata,apache/iceberg,48,5,8,testCreateV2MetadataThroughTableProperty;testNoTrailingLocationSlash;testVersionValidation;testParserV2SortOrderValidation;testParseStatisticsFiles,T04_SubscriptionState,0.4370179948586118,0.2557463681745272,0.3463821815165695,0.6861111111111111,1.0,0.9333333333333333,0.9666666666666667,0.375,1.0,0.7569444444444444,0.09955752212389381,0.17676582993346232,0.13816167602867807,0.0,1.0,0.9333333333333333,0.9666666666666667,0.0,0.05555555555555555,0.25555555555555554
T03_TableMetadata,apache/iceberg,48,5,9,testParsePartitionStatisticsFiles;testNoTrailingLocationSlash;testNoReservedPropertyForTableMetadataCreation;testRemoveStatistics;testBranchSnapshotMissing,T04_SubscriptionState,0.4987146529562982,0.264627912215378,0.3816712825858381,0.7550644567219152,1.0,0.9333333333333333,0.9666666666666667,0.29411764705882354,1.0,0.7539621926118514,0.1016949152542373,0.18084954794212146,0.14127223159817937,0.0,1.0,0.9333333333333333,0.9666666666666667,0.0,0.05555555555555555,0.25555555555555554
T04_SubscriptionState,apache/kafka,58,5,0,partitionReset;testIsAssignedFromRe2j;testMaybeValidatePositionForCurrentLeader;testSeekUnvalidatedWithNoEpochClearsAwaitingValidation;unsubscription,T05_AsyncClientClass,0.4779874213836478,0.29361982498305594,0.3858036231833519,0.8865089514066495,0.8235294117647058,0.8,0.8117647058823529,0.2857142857142857,1.0,0.7459969857508221,0.11219512195121951,0.42568809834707294,0.26894161014914625,0.0,0.4,0.8,0.6000000000000001,0.0,0.0,0.15000000000000002
T04_SubscriptionState,apache/kafka,58,5,1,partitionAssignmentChangeOnPatternSubscription;unsubscription;testSeekValidatedShouldClearAwaitingValidation;testMarkingPendingRevocation;testTruncationDetectionUnknownDivergentOffsetWithResetPolicy,T05_AsyncClientClass,0.4779874213836478,0.29808618453097857,0.3880368029573132,0.8864341085271318,0.8235294117647058,0.8666666666666666,0.8450980392156862,0.26666666666666666,1.0,0.7495497036023712,0.10576923076923077,0.43371808965336245,0.2697436602112966,0.0,0.4,0.8666666666666666,0.6333333333333333,0.0,0.0,0.15833333333333333
T04_SubscriptionState,apache/kafka,58,5,2,unsubscription;cantChangePositionForNonAssignedPartition;testTryUpdatingHighWatermark;testMaybeCompleteValidationAfterPositionChange;cantSubscribePatternAndPartition,T05_AsyncClientClass,0.48427672955974843,0.273984898625132,0.3791308140924402,0.907888986013986,0.7085714285714285,0.8666666666666666,0.7876190476190476,0.3076923076923077,1.0,0.7508000853313354,0.10377358490566038,0.43066985048056244,0.2672217176931114,0.0,0.6,0.8666666666666666,0.7333333333333333,0.0,0.0,0.18333333333333332
T04_SubscriptionState,apache/kafka,58,5,3,unsubscribeUserAssignment;testGroupSubscribe;testPositionOrNull;testIsFetchableConsidersExplicitTopicSubscription;testTruncationDetectionUnknownDivergentOffsetWithResetPolicy,T05_AsyncClientClass,0.4559748427672956,0.2751607036841062,0.3655677732257009,0.9352836879432624,0.9212121212121213,0.9333333333333333,0.9272727272727272,0.26666666666666666,1.0,0.7823057704706641,0.10945273631840796,0.4306369951719907,0.27004486574519937,0.0,0.2,0.9333333333333333,0.5666666666666667,0.0,0.0,0.14166666666666666
T04_SubscriptionState,apache/kafka,58,5,4,cantSubscribePatternAndTopic;testMaybeCompleteValidationAfterOffsetReset;invalidPositionUpdate;testTryUpdatingPreferredReadReplica;nullPositionLagOnNoPosition,T05_AsyncClientClass,0.4748427672955975,0.2706060540413991,0.37272441066849826,0.8922413793103448,0.7085714285714285,0.9888888888888889,0.8487301587301588,0.3076923076923077,1.0,0.7621659614332028,0.10328638497652583,0.43135904207517667,0.26732271352585124,0.0,0.6,0.9888888888888889,0.7944444444444445,0.0,0.0,0.19861111111111113
T04_SubscriptionState,apache/kafka,58,5,5,testGroupSubscribe;verifyAssignmentId;testIsFetchableConsidersExplicitTopicSubscription;testTruncationDetectionUnknownDivergentOffsetWithoutResetPolicy;testAssignedPartitionsWithTopicIdsForRe2Pattern,T05_AsyncClientClass,0.49056603773584906,0.2989009083718606,0.39473347305385487,0.9115249360613811,0.9212121212121213,0.9333333333333333,0.9272727272727272,0.29411764705882354,1.0,0.783228827598233,0.10185185185185185,0.42584649375399686,0.26384917280292436,0.0,0.2,0.9333333333333333,0.5666666666666667,0.0,0.0,0.14166666666666666
T04_SubscriptionState,apache/kafka,58,5,6,testCompleteValidationShouldClearAwaitingValidation;testAssignedTopicIdsPreservedWhenReconciliationCompletes;partitionAssignment;unsubscription;partitionAssignmentChangeOnTopicSubscription,T05_AsyncClientClass,0.4559748427672956,0.2917189880313578,0.3738469153993267,0.873349464223989,0.7085714285714285,0.788888888888889,0.7487301587301587,0.38461538461538464,1.0,0.7516737518923831,0.11,0.4270408328400822,0.2685204164200411,0.0,0.6,0.788888888888889,0.6944444444444444,0.0,0.0,0.1736111111111111
T04_SubscriptionState,apache/kafka,58,5,7,testSeekValidatedShouldClearAwaitingValidation;partitionAssignmentChangeOnTopicSubscription;testRequestOffsetResetIfPartitionAssigned;testAssignedPartitionsAwaitingCallbackInitializePositionsWhenCallbackCompletes;partitionPause,T05_AsyncClientClass,0.46226415094339623,0.2876652854141167,0.37496471817875643,0.8835517970401692,0.8235294117647058,0.9259259259259259,0.8747276688453158,0.38461538461538464,1.0,0.7857237126252175,0.10837438423645321,0.4172559161263393,0.26281515018139623,0.0,0.4,0.9259259259259259,0.662962962962963,0.0,0.0,0.16574074074074074
T04_SubscriptionState,apache/kafka,58,5,8,testMixedPatternSubscriptionNotAllowed;cantSubscribePartitionAndPattern;testOffsetResetWhileAwaitingValidation;testMaybeCompleteValidationAfterOffsetReset;cantSubscribePatternAndPartition,T05_AsyncClientClass,0.4591194968553459,0.2740503224728846,0.3665849096641153,0.8915816326530612,0.8235294117647058,1.0,0.9117647058823529,0.26666666666666666,1.0,0.7675032513005202,0.1111111111111111,0.43327839974157367,0.2721947554263424,0.0,0.4,1.0,0.7,0.0,0.0,0.175
T04_SubscriptionState,apache/kafka,58,5,9,unsubscription;partitionAssignment;testSeekUnvalidatedWithOffsetEpoch;testSubscriptionPattern;testIsFetchableConsidersExplicitTopicSubscription,T05_AsyncClientClass,0.46540880503144655,0.28940830446903615,0.3774085547502414,0.9318181818181819,0.8235294117647058,0.7333333333333333,0.7784313725490195,0.3076923076923077,1.0,0.7544854655148773,0.11442786069651742,0.43161691531144997,0.2730223880039837,0.0,0.4,0.7333333333333333,0.5666666666666667,0.0,0.0,0.14166666666666666
T05_AsyncClientClass,aws/aws-sdk-java-v2,13,5,0,asyncClientClassRpcv2;asyncClientClassAwsQueryCompatibleJson;asyncClientClassCbor;asyncClientCustomPackageName;asyncClientBatchManager,T08_DefaultExporterResourceProvider,0.8,0.8023814522254961,0.801190726112748,1.0,1.0,0.95,0.975,0.8571428571428571,1.0,0.9580357142857143,0.12121212121212122,0.25181491667653766,0.18651351894432944,0.0,0.0,0.95,0.475,0.0,0.0,0.11875
T05_AsyncClientClass,aws/aws-sdk-java-v2,13,5,1,asyncClientClassAwsJson;asyncClientCustomServiceMetaData;asyncClientClassCbor;asyncClientClassAwsQueryCompatibleJson;asyncClientWithCustomContextParams,T08_DefaultExporterResourceProvider,0.8,0.7982812665696889,0.7991406332848445,1.0,1.0,1.0,1.0,0.8571428571428571,1.0,0.9642857142857143,0.12244897959183673,0.2496155031868016,0.18603224138931918,0.0,0.0,1.0,0.5,0.0,0.0,0.125
T05_AsyncClientClass,aws/aws-sdk-java-v2,13,5,2,asyncClientClassCbor;asyncClientClassAwsQueryCompatibleJson;asyncClientEndpointDiscovery;asyncClientClassXml;asyncClientClassRpcv2,T08_DefaultExporterResourceProvider,0.8,0.7982812665696889,0.7991406332848445,1.0,1.0,0.95,0.975,0.8571428571428571,1.0,0.9580357142857143,0.12698412698412698,0.25762560214716834,0.19230486456564766,0.0,0.0,0.95,0.475,0.0,0.0,0.11875
T05_AsyncClientClass,aws/aws-sdk-java-v2,13,5,3,asyncClientCustomServiceMetaData;asyncClientClassAwsJson;asyncClientClassRestJson;asyncClientEndpointDiscovery;asyncClientCustomPackageName,T08_DefaultExporterResourceProvider,0.7866666666666666,0.7972929781035806,0.7919798223851235,1.0,1.0,1.0,1.0,0.8571428571428571,1.0,0.9642857142857143,0.1256544502617801,0.2620891139305362,0.19387178209615813,0.0,0.0,1.0,0.5,0.0,0.0,0.125
T05_AsyncClientClass,aws/aws-sdk-java-v2,13,5,4,asyncClientWithCustomContextParams;asyncClientClassXml;asyncClientClassCbor;asyncClientClassAwsJson;asyncClientCustomServiceMetaData,T08_DefaultExporterResourceProvider,0.8,0.7951830567838735,0.7975915283919368,1.0,1.0,1.0,1.0,0.8571428571428571,1.0,0.9642857142857143,0.12698412698412698,0.24601168117123745,0.18649790407768221,0.0,0.0,1.0,0.5,0.0,0.0,0.125
T05_AsyncClientClass,aws/aws-sdk-java-v2,13,5,5,asyncClientClassQuery;asyncClientCustomPackageName;asyncClientClassCbor;asyncClientClassRpcv2;asyncClientBatchManager,T08_DefaultExporterResourceProvider,0.8,0.8009769578434737,0.8004884789217368,1.0,1.0,0.95,0.975,0.8571428571428571,1.0,0.9580357142857143,0.10810810810810811,0.19890292996397604,0.1535055190360421,0.0,0.0,0.95,0.475,0.0,0.0,0.11875
T05_AsyncClientClass,aws/aws-sdk-java-v2,13,5,6,asyncClientEndpointDiscovery;asyncClientWithStreamingUnsignedPayload;asyncClientBatchManager;asyncClientClassRpcv2;asyncClientClassXml,T08_DefaultExporterResourceProvider,0.8,0.8017821973609146,0.8008910986804574,1.0,1.0,0.95,0.975,0.8571428571428571,1.0,0.9580357142857143,0.1085972850678733,0.19838425776480592,0.1534907714163396,0.0,0.0,0.95,0.475,0.0,0.0,0.11875
T05_AsyncClientClass,aws/aws-sdk-java-v2,13,5,7,asyncClientClassQuery;asyncClientClassXml;asyncClientCustomServiceMetaData;asyncClientClassAwsQueryCompatibleJson;asyncClientWithCustomContextParams,T08_DefaultExporterResourceProvider,0.8,0.7982812665696889,0.7991406332848445,1.0,1.0,1.0,1.0,0.8571428571428571,1.0,0.9642857142857143,0.12698412698412698,0.25762560214716834,0.19230486456564766,0.0,0.0,1.0,0.5,0.0,0.0,0.125
T05_AsyncClientClass,aws/aws-sdk-java-v2,13,5,8,asyncClientWithStreamingUnsignedPayload;asyncClientClassAwsJson;asyncClientCustomPackageName;asyncClientClassAwsQueryCompatibleJson;asyncClientClassXml,T08_DefaultExporterResourceProvider,0.8,0.8021026293689523,0.8010513146844762,1.0,1.0,1.0,1.0,0.8571428571428571,1.0,0.9642857142857143,0.12631578947368421,0.262157324201549,0.19423655683761662,0.0,0.0,1.0,0.5,0.0,0.0,0.125
T05_AsyncClientClass,aws/aws-sdk-java-v2,13,5,9,asyncClientBatchManager;asyncClientClassAwsJson;asyncClientWithCustomContextParams;asyncClientClassRpcv2;asyncClientClassRestJson,T08_DefaultExporterResourceProvider,0.8,0.8021026293689523,0.8010513146844762,1.0,1.0,0.95,0.975,0.8571428571428571,1.0,0.9580357142857143,0.1085972850678733,0.19838425776480592,0.1534907714163396,0.0,0.0,0.95,0.475,0.0,0.0,0.11875
T06_SyncClientClass,aws/aws-sdk-java-v2,11,5,0,syncClientClassXml;syncClientClassRestJson;syncClientClassAwsQueryCompatibleJson;syncClientClassCbor;syncClientCustomServiceMetaData,T08_DefaultExporterResourceProvider,0.855072463768116,0.8556246319029597,0.8553485478355378,1.0,1.0,1.0,1.0,0.8571428571428571,1.0,0.9642857142857143,0.12371134020618557,0.24699280162400672,0.18535207091509615,0.0,0.0,1.0,0.5,0.0,0.0,0.125
T06_SyncClientClass,aws/aws-sdk-java-v2,11,5,1,syncClientWithCustomContextParams;syncClientClassQuery;syncClientClassRpcV2;syncClientEndpointDiscovery;syncClientCustomPackageName,T08_DefaultExporterResourceProvider,0.855072463768116,0.8539728654331554,0.8545226646006356,1.0,1.0,0.95,0.975,0.8571428571428571,1.0,0.9580357142857143,0.12307692307692308,0.24699280162400672,0.1850348623504649,0.0,0.0,0.95,0.475,0.0,0.0,0.11875
T06_SyncClientClass,aws/aws-sdk-java-v2,11,5,2,syncClientWithCustomContextParams;syncClientClassAwsQueryCompatibleJson;syncClientClassXml;syncClientCustomServiceMetaData;syncClientClassRpcV2,T08_DefaultExporterResourceProvider,0.8405797101449275,0.854736451220569,0.8476580806827483,1.0,1.0,0.95,0.975,0.8571428571428571,1.0,0.9580357142857143,0.12903225806451613,0.2572042246487596,0.19311824135663785,0.0,0.0,0.95,0.475,0.0,0.0,0.11875
T06_SyncClientClass,aws/aws-sdk-java-v2,11,5,3,syncClientEndpointDiscovery;syncClientClassQuery;syncClientCustomServiceMetaData;syncClientCustomPackageName;syncClientClassAwsQueryCompatibleJson,T08_DefaultExporterResourceProvider,0.855072463768116,0.8582538401934438,0.8566631519807799,1.0,1.0,1.0,1.0,0.8571428571428571,1.0,0.9642857142857143,0.12698412698412698,0.2563485874959572,0.19166635724004208,0.0,0.0,1.0,0.5,0.0,0.0,0.125
T06_SyncClientClass,aws/aws-sdk-java-v2,11,5,4,syncClientClassRpcV2;syncClientClassAwsQueryCompatibleJson;syncClientCustomServiceMetaData;syncClientClassCbor;syncClientCustomPackageName,T08_DefaultExporterResourceProvider,0.8260869565217391,0.8423945966619416,0.8342407765918404,1.0,1.0,0.95,0.975,0.8571428571428571,1.0,0.9580357142857143,0.12903225806451613,0.24559159943044062,0.18731192874747837,0.0,0.0,0.95,0.475,0.0,0.0,0.11875
T06_SyncClientClass,aws/aws-sdk-java-v2,11,5,5,syncClientClassRestJson;syncClientClassXml;syncClientClassRpcV2;syncClientEndpointDiscovery;syncClientClassAwsQueryCompatibleJson,T08_DefaultExporterResourceProvider,0.855072463768116,0.8537198163564323,0.8543961400622742,1.0,1.0,0.95,0.975,0.8571428571428571,1.0,0.9580357142857143,0.1095890410958904,0.1953777718202442,0.1524834064580673,0.0,0.0,0.95,0.475,0.0,0.0,0.11875
T06_SyncClientClass,aws/aws-sdk-java-v2,11,5,6,syncClientWithCustomContextParams;syncClientCustomServiceMetaData;syncClientEndpointDiscovery;syncClientCustomPackageName;syncClientClassQuery,T08_DefaultExporterResourceProvider,0.855072463768116,0.8539728654331554,0.8545226646006356,1.0,1.0,1.0,1.0,0.8571428571428571,1.0,0.9642857142857143,0.11009174311926606,0.1953777718202442,0.15273475746975512,0.0,0.0,1.0,0.5,0.0,0.0,0.125
T06_SyncClientClass,aws/aws-sdk-java-v2,11,5,7,syncClientClassQuery;syncClientClassRestJson;syncClientClassCbor;syncClientClassWithUnsignedPayload;syncClientCustomPackageName,T08_DefaultExporterResourceProvider,0.8405797101449275,0.8540702146204171,0.8473249623826723,1.0,1.0,1.0,1.0,0.8571428571428571,1.0,0.9642857142857143,0.1276595744680851,0.2572042246487596,0.19243189955842233,0.0,0.0,1.0,0.5,0.0,0.0,0.125
T06_SyncClientClass,aws/aws-sdk-java-v2,11,5,8,syncClientCustomServiceMetaData;syncClientClassXml;syncClientEndpointDiscovery;syncClientClassAwsQueryCompatibleJson;syncClientClassWithUnsignedPayload,T08_DefaultExporterResourceProvider,0.8405797101449275,0.848289887614996,0.8444347988799618,1.0,1.0,1.0,1.0,0.8571428571428571,1.0,0.9642857142857143,0.12903225806451613,0.2572042246487596,0.19311824135663785,0.0,0.0,1.0,0.5,0.0,0.0,0.125
T06_SyncClientClass,aws/aws-sdk-java-v2,11,5,9,syncClientWithCustomContextParams;syncClientCustomServiceMetaData;syncClientClassCbor;syncClientCustomPackageName;syncClientEndpointDiscovery,T08_DefaultExporterResourceProvider,0.8405797101449275,0.8432457716088256,0.8419127408768765,1.0,1.0,1.0,1.0,0.8571428571428571,1.0,0.9642857142857143,0.11059907834101383,0.1953777718202442,0.15298842508062901,0.0,0.0,1.0,0.5,0.0,0.0,0.125
T08_DefaultExporterResourceProvider,camunda-cloud/zeebe,5,4,0,shouldNotExportPendingBatchOperationItemsWhenConfigIsFalse;shouldAddAuditLogHandlersFromAddAuditLogHandlersMethod;shouldExportPendingBatchOperationItemsWhenConfigIsTrue;shouldHaveCorrectFullQualifiedNamesForIndexAndTemplates,T09_AdminServerUiAutoConfiguration,0.7326732673267327,0.8033206285877805,0.7679969479572566,0.5,1.0,0.9666666666666667,0.9833333333333334,0.2962962962962963,1.0,0.6949074074074074,0.1417910447761194,0.40097092832642645,0.2713809865512729,,0.0,0.9666666666666667,0.48333333333333334,,0.06976744186046512,0.2765503875968992
T08_DefaultExporterResourceProvider,camunda-cloud/zeebe,5,4,1,shouldNotExportPendingBatchOperationItemsWhenConfigIsFalse;shouldAddAuditLogHandlersFromAddAuditLogHandlersMethod;shouldHaveCorrectFullQualifiedNamesForIndexAndTemplates;shouldExportPendingBatchOperationItemsWhenConfigIsTrue,T09_AdminServerUiAutoConfiguration,0.7326732673267327,0.8033206285877805,0.7679969479572566,0.5,1.0,0.9666666666666667,0.9833333333333334,0.2962962962962963,1.0,0.6949074074074074,0.1417910447761194,0.4014393290283792,0.2716151869022493,,0.0,0.9666666666666667,0.48333333333333334,,0.06976744186046512,0.2765503875968992
T08_DefaultExporterResourceProvider,camunda-cloud/zeebe,5,4,2,shouldExportPendingBatchOperationItemsWhenConfigIsTrue;shouldAddAuditLogHandlersFromAddAuditLogHandlersMethod;shouldNotAddSameHandlerMultipleTimes;shouldHaveCorrectFullQualifiedNamesForIndexAndTemplates,T09_AdminServerUiAutoConfiguration,0.7227722772277227,0.810129973932525,0.7664511255801238,0.5,1.0,0.9666666666666667,0.9833333333333334,0.2962962962962963,1.0,0.6949074074074074,0.13703703703703704,0.3712085820431491,0.2541228095400931,,0.0,0.9666666666666667,0.48333333333333334,,0.06976744186046512,0.2765503875968992
T08_DefaultExporterResourceProvider,camunda-cloud/zeebe,5,4,3,shouldHaveCorrectFullQualifiedNamesForIndexAndTemplates;shouldNotAddSameHandlerMultipleTimes;shouldAddAuditLogHandlersFromAddAuditLogHandlersMethod;shouldNotExportPendingBatchOperationItemsWhenConfigIsFalse,T09_AdminServerUiAutoConfiguration,0.7326732673267327,0.8125030313814657,0.7725881493540991,0.5,1.0,0.9666666666666667,0.9833333333333334,0.2962962962962963,1.0,0.6949074074074074,0.13703703703703704,0.37629877728489713,0.2566679071609671,,0.0,0.9666666666666667,0.48333333333333334,,0.06976744186046512,0.2765503875968992
T08_DefaultExporterResourceProvider,camunda-cloud/zeebe,5,4,4,shouldExportPendingBatchOperationItemsWhenConfigIsTrue;shouldNotExportPendingBatchOperationItemsWhenConfigIsFalse;shouldNotAddSameHandlerMultipleTimes;shouldAddAuditLogHandlersFromAddAuditLogHandlersMethod,T09_AdminServerUiAutoConfiguration,0.6881188118811881,0.7829638792503727,0.7355413455657804,0.5,1.0,0.9666666666666667,0.9833333333333334,0.23076923076923078,1.0,0.6785256410256411,0.14068441064638784,0.3844078479211898,0.26254612928378884,,0.0,0.9666666666666667,0.48333333333333334,,0.06976744186046512,0.2765503875968992
T08_DefaultExporterResourceProvider,camunda-cloud/zeebe,5,4,5,shouldNotAddSameHandlerMultipleTimes;shouldHaveCorrectFullQualifiedNamesForIndexAndTemplates;shouldExportPendingBatchOperationItemsWhenConfigIsTrue;shouldNotExportPendingBatchOperationItemsWhenConfigIsFalse,T09_AdminServerUiAutoConfiguration,0.7227722772277227,0.7145030939114059,0.7186376855695643,0.5,1.0,1.0,1.0,0.2962962962962963,1.0,0.6990740740740741,0.15702479338842976,0.4051749534008833,0.28109987339465653,,0.0,1.0,0.5,,0.06976744186046512,0.28488372093023256
T08_DefaultExporterResourceProvider,camunda-cloud/zeebe,5,4,6,shouldNotAddSameHandlerMultipleTimes;shouldNotExportPendingBatchOperationItemsWhenConfigIsFalse;shouldHaveCorrectFullQualifiedNamesForIndexAndTemplates;shouldExportPendingBatchOperationItemsWhenConfigIsTrue,T09_AdminServerUiAutoConfiguration,0.7227722772277227,0.7145030939114059,0.7186376855695643,0.5,1.0,1.0,1.0,0.2962962962962963,1.0,0.6990740740740741,0.15789473684210525,0.4156558814172063,0.28677530912965576,0.5,0.0,1.0,0.5,,0.06976744186046512,0.3565891472868217
T08_DefaultExporterResourceProvider,camunda-cloud/zeebe,5,4,7,shouldNotAddSameHandlerMultipleTimes;shouldExportPendingBatchOperationItemsWhenConfigIsTrue;shouldHaveCorrectFullQualifiedNamesForIndexAndTemplates;shouldAddAuditLogHandlersFromAddAuditLogHandlersMethod,T09_AdminServerUiAutoConfiguration,0.7227722772277227,0.810129973932525,0.7664511255801238,0.5,1.0,0.9666666666666667,0.9833333333333334,0.2962962962962963,1.0,0.6949074074074074,0.138996138996139,0.40825019403899243,0.2736231665175657,0.5,0.0,0.9666666666666667,0.48333333333333334,,0.06976744186046512,0.35103359173126614
T08_DefaultExporterResourceProvider,camunda-cloud/zeebe,5,4,8,shouldAddAuditLogHandlersFromAddAuditLogHandlersMethod;shouldNotAddSameHandlerMultipleTimes;shouldHaveCorrectFullQualifiedNamesForIndexAndTemplates;shouldExportPendingBatchOperationItemsWhenConfigIsTrue,T09_AdminServerUiAutoConfiguration,0.7227722772277227,0.810129973932525,0.7664511255801238,0.5,1.0,0.9666666666666667,0.9833333333333334,0.2962962962962963,1.0,0.6949074074074074,0.13703703703703704,0.3712085820431491,0.2541228095400931,,0.0,0.9666666666666667,0.48333333333333334,,0.06976744186046512,0.2765503875968992
T08_DefaultExporterResourceProvider,camunda-cloud/zeebe,5,4,9,shouldNotExportPendingBatchOperationItemsWhenConfigIsFalse;shouldHaveCorrectFullQualifiedNamesForIndexAndTemplates;shouldNotAddSameHandlerMultipleTimes;shouldExportPendingBatchOperationItemsWhenConfigIsTrue,T09_AdminServerUiAutoConfiguration,0.7227722772277227,0.7145030939114059,0.7186376855695643,0.5,1.0,1.0,1.0,0.2962962962962963,1.0,0.6990740740740741,0.15702479338842976,0.4051749534008833,0.28109987339465653,,0.0,1.0,0.5,,0.06976744186046512,0.28488372093023256
T09_AdminServerUiAutoConfiguration,codecentric/spring-boot-admin,5,4,0,contextPathIsRespectedInExcludedRoutes;testNormalizeHomepageUrl;contextPathIsRespectedInIncludedRoutes;contextPathIsRespectedInIncludedRoutes,T11_DropwizardResourceConfig,0.9173553719008265,0.8484973271032148,0.8829263495020206,,0.75,1.0,0.875,,1.0,0.9375,0.14682539682539683,0.23276114891699234,0.18979327287119457,0.6111111111111112,0.7678571428571429,1.0,0.8839285714285714,0.0,0.03125,0.38157242063492064
T09_AdminServerUiAutoConfiguration,codecentric/spring-boot-admin,5,4,1,contextPathIsRespectedInExcludedRoutes;contextPathIsRespectedInExcludedRoutes;testNormalizeHomepageUrl;contextPathIsRespectedInIncludedRoutes,T11_DropwizardResourceConfig,0.9173553719008265,0.8525520720712054,0.884953721986016,,0.75,1.0,0.875,,1.0,0.9375,0.1417624521072797,0.23249996187578237,0.18713120699153102,0.5833333333333334,0.7884615384615384,1.0,0.8942307692307692,0.0,0.03125,0.37720352564102566
T09_AdminServerUiAutoConfiguration,codecentric/spring-boot-admin,5,4,2,contextPathIsRespectedInIncludedRoutes;contextPathIsRespectedInIncludedRoutes;testNormalizeHomepageUrl;contextPathIsRespectedInExcludedRoutes,T11_DropwizardResourceConfig,0.8842975206611571,0.85880336843168,0.8715504445464186,,0.75,1.0,0.875,,1.0,0.9375,0.1434108527131783,0.23973930073421207,0.19157507672369517,0.6052631578947368,0.7884615384615384,1.0,0.8942307692307692,0.0,0.03125,0.38268598178137647
T09_AdminServerUiAutoConfiguration,codecentric/spring-boot-admin,5,4,3,contextPathIsRespectedInIncludedRoutes;contextPathIsRespectedInExcludedRoutes;contextPathIsRespectedInExcludedRoutes;testNormalizeHomepageUrl,T11_DropwizardResourceConfig,0.8842975206611571,0.8360544039768282,0.8601759623189926,,0.75,1.0,0.875,,1.0,0.9375,0.1417624521072797,0.22989803755714183,0.18583024483221078,0.6176470588235294,0.7884615384615384,1.0,0.8942307692307692,0.0,0.03125,0.38578195701357465
T09_AdminServerUiAutoConfiguration,codecentric/spring-boot-admin,5,4,4,contextPathIsRespectedInExcludedRoutes;testNormalizeHomepageUrl;contextPathIsRespectedInIncludedRoutes;contextPathIsRespectedInIncludedRoutes,T11_DropwizardResourceConfig,0.8842975206611571,0.85880336843168,0.8715504445464186,,0.75,1.0,0.875,,1.0,0.9375,0.14682539682539683,0.24862756913695028,0.19772648298117357,0.5789473684210527,0.7678571428571429,1.0,0.8839285714285714,0.0,0.03125,0.373531484962406
T09_AdminServerUiAutoConfiguration,codecentric/spring-boot-admin,5,4,5,testNormalizeHomepageUrl;contextPathIsRespectedInExcludedRoutes;contextPathIsRespectedInIncludedRoutes;contextPathIsRespectedInIncludedRoutes,T11_DropwizardResourceConfig,0.9173553719008265,0.8484973271032148,0.8829263495020206,,0.75,1.0,0.875,,1.0,0.9375,0.1423076923076923,0.23836889190044147,0.1903382921040669,0.5833333333333334,0.7884615384615384,1.0,0.8942307692307692,0.0,0.03125,0.37720352564102566
T09_AdminServerUiAutoConfiguration,codecentric/spring-boot-admin,5,4,6,contextPathIsRespectedInIncludedRoutes;contextPathIsRespectedInExcludedRoutes;contextPathIsRespectedInExcludedRoutes;contextPathIsRespectedInIncludedRoutes,T11_DropwizardResourceConfig,0.7520661157024794,0.7978661598622876,0.7749661377823835,0.0,0.0,1.0,0.5,,1.0,0.5,0.13306451612903225,0.21762301744782814,0.1753437667884302,0.0,1.0,1.0,1.0,0.0,0.03125,0.2578125
T09_AdminServerUiAutoConfiguration,codecentric/spring-boot-admin,5,4,7,contextPathIsRespectedInIncludedRoutes;contextPathIsRespectedInExcludedRoutes;contextPathIsRespectedInIncludedRoutes;contextPathIsRespectedInExcludedRoutes,T11_DropwizardResourceConfig,0.7520661157024794,0.7978661598622876,0.7749661377823835,0.0,0.0,1.0,0.5,,1.0,0.5,0.1346153846153846,0.2191345265680551,0.17687495559171984,0.0,1.0,1.0,1.0,0.0,0.03125,0.2578125
T09_AdminServerUiAutoConfiguration,codecentric/spring-boot-admin,5,4,8,contextPathIsRespectedInIncludedRoutes;contextPathIsRespectedInIncludedRoutes;contextPathIsRespectedInExcludedRoutes;testNormalizeHomepageUrl,T11_DropwizardResourceConfig,0.8842975206611571,0.85880336843168,0.8715504445464186,,0.75,1.0,0.875,,1.0,0.9375,0.14122137404580154,0.2359711442138595,0.18859625912983052,0.6176470588235294,0.7884615384615384,1.0,0.8942307692307692,0.0,0.03125,0.38578195701357465
T09_AdminServerUiAutoConfiguration,codecentric/spring-boot-admin,5,4,9,contextPathIsRespectedInIncludedRoutes;contextPathIsRespectedInIncludedRoutes;contextPathIsRespectedInExcludedRoutes;testNormalizeHomepageUrl,T11_DropwizardResourceConfig,0.9173553719008265,0.8484973271032148,0.8829263495020206,,0.75,1.0,0.875,,1.0,0.9375,0.14741035856573706,0.22911755251260324,0.18826395553917014,0.5294117647058824,0.7678571428571429,1.0,0.8839285714285714,0.0,0.03125,0.36114758403361347
T10_UiController,codecentric/spring-boot-admin,5,4,0,should_validate_external_views;should_use_default_url;should_use_scheme_host_and_path_from_public_url;should_use_path_from_public_url,T11_DropwizardResourceConfig,0.6017699115044248,0.8486244750306168,0.7251971932675207,0.8999999999999999,1.0,1.0,1.0,0.7142857142857143,1.0,0.9035714285714286,0.14754098360655737,0.18979851277817844,0.1686697481923679,0.0,0.0,1.0,0.5,0.6,0.07142857142857142,0.29285714285714287
T10_UiController,codecentric/spring-boot-admin,5,4,1,should_validate_external_views;should_use_path_from_public_url;should_use_default_url;should_use_scheme_host_and_path_from_public_url,T11_DropwizardResourceConfig,0.6017699115044248,0.8486244750306168,0.7251971932675207,0.8999999999999999,1.0,1.0,1.0,0.7142857142857143,1.0,0.9035714285714286,0.14682539682539683,0.18620095852758112,0.166513177676489,0.0,0.0,1.0,0.5,0.6,0.07142857142857142,0.29285714285714287
T10_UiController,codecentric/spring-boot-admin,5,4,2,should_use_host_and_path_from_public_url;should_use_default_url;should_use_scheme_host_and_path_from_public_url;should_use_path_from_public_url,T11_DropwizardResourceConfig,0.5545454545454546,0.7573499239405284,0.6559476892429914,0.0,1.0,1.0,1.0,0.7142857142857143,1.0,0.6785714285714286,0.15021459227467812,0.1731471038992068,0.16168084808694244,0.0,0.0,1.0,0.5,0.6666666666666666,0.07142857142857142,0.30952380952380953
T10_UiController,codecentric/spring-boot-admin,5,4,3,should_validate_external_views;should_use_path_from_public_url;should_use_default_url;should_use_scheme_host_and_path_from_public_url,T11_DropwizardResourceConfig,0.6017699115044248,0.8486244750306168,0.7251971932675207,0.8999999999999999,1.0,1.0,1.0,0.7142857142857143,1.0,0.9035714285714286,0.14682539682539683,0.1871039970169523,0.16696469692117455,0.0,0.0,1.0,0.5,0.6,0.07142857142857142,0.29285714285714287
T10_UiController,codecentric/spring-boot-admin,5,4,4,should_validate_external_views;should_use_host_and_path_from_public_url;should_use_scheme_host_and_path_from_public_url;should_use_default_url,T11_DropwizardResourceConfig,0.6181818181818182,0.8486244750306168,0.7334031466062174,0.8999999999999999,1.0,1.0,1.0,0.7142857142857143,1.0,0.9035714285714286,0.12121212121212122,0.19291632879062287,0.15706422500137204,0.0,0.0,1.0,0.5,0.6,0.07142857142857142,0.29285714285714287
T10_UiController,codecentric/spring-boot-admin,5,4,5,should_use_default_url;should_validate_external_views;should_use_scheme_host_and_path_from_public_url;should_use_path_from_public_url,T11_DropwizardResourceConfig,0.6017699115044248,0.8486244750306168,0.7251971932675207,0.8999999999999999,1.0,1.0,1.0,0.7142857142857143,1.0,0.9035714285714286,0.14741035856573706,0.1909923674163097,0.1692013629910234,0.0,0.0,1.0,0.5,0.6,0.07142857142857142,0.29285714285714287
T10_UiController,codecentric/spring-boot-admin,5,4,6,should_use_scheme_host_and_path_from_public_url;should_use_host_and_path_from_public_url;should_use_default_url;should_use_path_from_public_url,T11_DropwizardResourceConfig,0.5545454545454546,0.7573499239405284,0.6559476892429914,0.0,1.0,1.0,1.0,0.7142857142857143,1.0,0.6785714285714286,0.14666666666666667,0.1889216463003343,0.1677941564835005,0.0,0.0,1.0,0.5,0.6666666666666666,0.07142857142857142,0.30952380952380953
T10_UiController,codecentric/spring-boot-admin,5,4,7,should_use_scheme_host_and_path_from_public_url;should_use_host_and_path_from_public_url;should_use_path_from_public_url;should_use_default_url,T11_DropwizardResourceConfig,0.5545454545454546,0.7573499239405284,0.6559476892429914,0.0,1.0,1.0,1.0,0.7142857142857143,1.0,0.6785714285714286,0.14767932489451477,0.1759065223412142,0.1617929236178645,0.0,0.0,1.0,0.5,0.6666666666666666,0.07142857142857142,0.30952380952380953
T10_UiController,codecentric/spring-boot-admin,5,4,8,should_use_host_and_path_from_public_url;should_use_default_url;should_use_path_from_public_url;should_validate_external_views,T11_DropwizardResourceConfig,0.6017699115044248,0.8486244750306168,0.7251971932675207,0.8999999999999999,1.0,1.0,1.0,0.7142857142857143,1.0,0.9035714285714286,0.14624505928853754,0.18598602113466092,0.16611554021159924,0.0,0.0,1.0,0.5,0.6,0.07142857142857142,0.29285714285714287
T10_UiController,codecentric/spring-boot-admin,5,4,9,should_validate_external_views;should_use_default_url;should_use_host_and_path_from_public_url;should_use_scheme_host_and_path_from_public_url,T11_DropwizardResourceConfig,0.6181818181818182,0.8486244750306168,0.7334031466062174,0.8999999999999999,1.0,1.0,1.0,0.7142857142857143,1.0,0.9035714285714286,0.12663755458515283,0.1920892148605759,0.15936338472286438,0.0,0.0,1.0,0.5,0.6,0.07142857142857142,0.29285714285714287
T11_DropwizardResourceConfig,dropwizard/dropwizard,20,5,0,logsEndpointsRelativePaths;logsEndpointsContextPath;testMixedClassAndInstanceRegistration;logsEndpoints;logResourceWithHK2Binder,T12_ContextHandler,0.7049180327868853,0.5832037218131305,0.6440608773000078,0.8333333333333333,0.8142857142857143,0.9333333333333333,0.8738095238095238,0.7692307692307693,1.0,0.8690934065934066,0.13150684931506848,0.1627316395350459,0.1471192444250572,0.0,0.2,1.0,0.6,0.0,0.13333333333333333,0.18333333333333332
T11_DropwizardResourceConfig,dropwizard/dropwizard,20,5,1,logsNoInterfaces;logsNoEndpointsWhenNoResourcesAreRegistered;logsEndpoints;combinesAlRegisteredClassesPathOnMethodLevel;logsEndpointsSorted,T12_ContextHandler,0.7158469945355191,0.5893099242658603,0.6525784594006897,0.9166666666666666,1.0,0.925,0.9625,0.7837837837837838,1.0,0.9157376126126127,0.1309192200557103,0.15300369498807886,0.1419614575218946,0.0,0.0,0.9916666666666666,0.4958333333333333,0.0,0.13333333333333333,0.15729166666666666
T11_DropwizardResourceConfig,dropwizard/dropwizard,20,5,2,logEndpointBinder;findsResourceClassesInPackageAndSubpackage;logsNoEndpointsWhenNoResourcesAreRegistered;logsNoInterfaces;logsNestedEndpoints,T12_ContextHandler,0.7103825136612022,0.5596359028875395,0.6350092082743708,0.868421052631579,1.0,0.9916666666666666,0.9958333333333333,0.8055555555555556,1.0,0.9174524853801169,0.12680115273775217,0.15245390686359372,0.13962752980067294,0.0,0.0,0.9916666666666666,0.4958333333333333,0.0,0.13333333333333333,0.15729166666666666
T11_DropwizardResourceConfig,dropwizard/dropwizard,20,5,3,logsEndpointsContextPathUrlPattern;logsNoEndpointsWhenNoResourcesAreRegistered;duplicatePathsTest;logsNestedEndpoints;logsEndpointsRelativePaths,T12_ContextHandler,0.7049180327868853,0.5623436472485088,0.6336308400176971,0.8529411764705883,1.0,0.9916666666666666,0.9958333333333333,0.7837837837837838,1.0,0.9081395733969264,0.13256484149855907,0.15141349716371122,0.14198916933113515,0.0,0.0,0.9916666666666666,0.4958333333333333,0.0,0.13333333333333333,0.15729166666666666
T11_DropwizardResourceConfig,dropwizard/dropwizard,20,5,4,logEndpointWithRootSubresource;logResourceWithHK2Binder;testMixedClassAndInstanceRegistration;logsEndpointsSorted;logsEndpointsContextPath,T12_ContextHandler,0.7049180327868853,0.6918052458561894,0.6983616393215373,0.9473684210526315,0.8142857142857143,1.0,0.9071428571428571,0.7894736842105263,1.0,0.9109962406015037,0.13687150837988826,0.16296327479490766,0.14991739158739797,0.0,0.2,1.0,0.6,0.0,0.13333333333333333,0.18333333333333332
T11_DropwizardResourceConfig,dropwizard/dropwizard,20,5,5,logsEndpointsRelativePaths;logsEndpointsContextPathUrlPattern;logEndpointBinder;logsNoEndpointsWhenNoResourcesAreRegistered;logsEndpointsSorted,T12_ContextHandler,0.7103825136612022,0.6395516414582315,0.6749670775597169,0.9444444444444444,1.0,0.9916666666666666,0.9958333333333333,0.7692307692307693,1.0,0.9273771367521367,0.12972972972972974,0.15073044245774894,0.14023008609373933,0.0,0.0,0.9916666666666666,0.4958333333333333,0.0,0.13333333333333333,0.15729166666666666
T11_DropwizardResourceConfig,dropwizard/dropwizard,20,5,6,logEndpointWithRootSubresource;testEndpointLoggerPathCleaning;duplicatePathsTest;logsProgrammaticalEndpoints;findsResourceClassesInPackageAndSubpackage,T12_ContextHandler,0.7213114754098361,0.6660641927651284,0.6936878340874822,0.7436974789915967,0.8142857142857143,1.0,0.9071428571428571,0.7941176470588235,1.0,0.8612394957983194,0.12041884816753927,0.1543039108443737,0.13736137950595648,0.0,0.2,1.0,0.6,0.0,0.13333333333333333,0.18333333333333332
T11_DropwizardResourceConfig,dropwizard/dropwizard,20,5,7,logsNoEndpointsWhenNoResourcesAreRegistered;logEndpointWithRootSubresource;logsEndpointsContextPath;logsEndpointsContextPathUrlPattern;findsResourceClassInPackage,T12_ContextHandler,0.7213114754098361,0.5732066865772472,0.6472590809935417,0.8421052631578947,1.0,0.9916666666666666,0.9958333333333333,0.8,1.0,0.909484649122807,0.12921348314606743,0.14819558604789596,0.13870453459698168,0.0,0.0,0.9916666666666666,0.4958333333333333,0.0,0.13333333333333333,0.15729166666666666
T11_DropwizardResourceConfig,dropwizard/dropwizard,20,5,8,combinesAlRegisteredClassesPathOnMethodLevel;logsEndpointsRelativePaths;logsEndpointsContextPathUrlPattern;logsEndpointsContextPath;logsNoEndpointsWhenNoResourcesAreRegistered,T12_ContextHandler,0.6830601092896175,0.529490392080047,0.6062752506848322,0.8235294117647058,1.0,0.9916666666666666,0.9958333333333333,0.7435897435897436,1.0,0.8907381221719457,0.13529411764705881,0.14995075904966848,0.14262243834836363,0.0,0.0,0.9916666666666666,0.4958333333333333,0.0,0.13333333333333333,0.15729166666666666
T11_DropwizardResourceConfig,dropwizard/dropwizard,20,5,9,findsResourceClassInPackage;logsEndpointsSorted;testEndpointLoggerPathCleaning;duplicatePathsTest;logResourceWithHK2Binder,T12_ContextHandler,0.7158469945355191,0.6483808883464139,0.6821139414409665,0.7436974789915967,0.8142857142857143,1.0,0.9071428571428571,0.8235294117647058,1.0,0.8685924369747899,0.12534059945504086,0.15938405940846725,0.14236232943175406,0.0,0.2,1.0,0.6,0.0,0.13333333333333333,0.18333333333333332
T12_ContextHandler,eclipse/jetty.project,19,5,0,testAsyncDispatch;testStopStart;testAsyncDispatchWrapped;testPersistentConnection;testAsyncDelayedComplete,T14_ConfigXmlGenerator,0.6198630136986302,0.46256768543789345,0.5412153495682618,0.8665822784810127,1.0,1.0,1.0,0.09090909090909091,1.0,0.7393728423475259,0.05708460754332314,0.18686356838300927,0.12197408796316621,0.0,1.0,0.8,0.9,0.0,0.06382978723404255,0.24095744680851064
T12_ContextHandler,eclipse/jetty.project,19,5,1,testAsyncDelayedDispatch;testSendError;testPersistentHeaders;testTwoContexts;testAsyncComplete,T14_ConfigXmlGenerator,0.6335616438356164,0.46378616509068726,0.5486739044631519,0.8333333333333333,1.0,1.0,1.0,0.10526315789473684,1.0,0.7346491228070176,0.054136874361593465,0.18760770144662908,0.12087228790411128,0.0,1.0,0.7333333333333333,0.8666666666666667,0.0,0.06382978723404255,0.2326241134751773
T12_ContextHandler,eclipse/jetty.project,19,5,2,testDump;testPersistentConnection;testContextListeners;testException;testAsyncDelayedDispatch,T14_ConfigXmlGenerator,0.6301369863013698,0.4886852641999548,0.5594111252506623,0.8604166666666666,1.0,0.8,0.9,0.09090909090909091,1.0,0.7128314393939393,0.057692307692307696,0.18829078050346096,0.12299154409788432,0.0,1.0,0.6,0.8,0.0,0.06382978723404255,0.21595744680851064
T12_ContextHandler,eclipse/jetty.project,19,5,3,testContextListeners;testDump;testSimple;testNullPath;testGetResource,T14_ConfigXmlGenerator,0.541095890410959,0.3886242564091149,0.46486007341003693,0.7567226890756302,1.0,0.8,0.9,0.14285714285714285,1.0,0.6998949579831932,0.07680722891566265,0.17069982104876685,0.12375352498221476,0.044117647058823525,1.0,0.5333333333333333,0.7666666666666666,0.0,0.06382978723404255,0.21865352523988318
T12_ContextHandler,eclipse/jetty.project,19,5,4,testGetResource;testPersistentHeaders;testTwoContexts;testDumpHeadersAndParameters;testAsyncComplete,T14_ConfigXmlGenerator,0.589041095890411,0.4329843755307373,0.5110127357105742,0.8051282051282052,1.0,1.0,1.0,0.11764705882352941,1.0,0.7306938159879336,0.05660377358490566,0.19278858983810016,0.1246961817115029,0.038461538461538464,1.0,0.7333333333333333,0.8666666666666667,0.0,0.06382978723404255,0.24223949809056192
T12_ContextHandler,eclipse/jetty.project,19,5,5,testDumpHeadersAndParameters;testSimple;testAsyncDelayedDispatch;testNullPath;testAsyncDispatch,T14_ConfigXmlGenerator,0.5958904109589042,0.3757018328248771,0.48579612189189064,0.83125,1.0,0.9,0.95,0.13333333333333333,1.0,0.7286458333333333,0.05394190871369295,0.16637178690112786,0.1101568478074104,0.0,1.0,0.7333333333333333,0.8666666666666667,0.0,0.06382978723404255,0.2326241134751773
T12_ContextHandler,eclipse/jetty.project,19,5,6,testAsyncComplete;testSendError;testStopStart;testAsyncDelayedDispatch;testAsyncDelayedComplete,T14_ConfigXmlGenerator,0.5821917808219178,0.40039886321794604,0.4912953220199319,0.8430232558139534,1.0,1.0,1.0,0.11764705882352941,1.0,0.7401675786593707,0.054910242872228086,0.17039485738271598,0.11265255012747204,0.0,1.0,0.8,0.9,0.0,0.06382978723404255,0.24095744680851064
T12_ContextHandler,eclipse/jetty.project,19,5,7,testSimple;testInsertHandler;testGetResource;testException;testAsyncComplete,T14_ConfigXmlGenerator,0.5821917808219178,0.4042530886092228,0.4932224347155703,0.7180964575330773,1.0,0.8,0.9,0.1111111111111111,1.0,0.6823018921610471,0.05628140703517588,0.18809620388174766,0.12218880545846178,0.045454545454545456,1.0,0.5333333333333333,0.7666666666666666,0.0,0.06382978723404255,0.21898774983881364
T12_ContextHandler,eclipse/jetty.project,19,5,8,testContextListeners;testAsyncDelayedComplete;testDump;testStopStart;testPersistentConnection,T14_ConfigXmlGenerator,0.613013698630137,0.45157506921625135,0.5322943839231942,0.8706108706108706,1.0,0.9,0.95,0.10526315789473684,1.0,0.7314685071264019,0.075177304964539,0.18721113645535087,0.13119422070994494,0.0,1.0,0.6666666666666666,0.8333333333333333,0.0,0.06382978723404255,0.22429078014184395
T12_ContextHandler,eclipse/jetty.project,19,5,9,testDump;testSendError;testException;testTwoContexts;testAsyncDispatchWrapped,T14_ConfigXmlGenerator,0.5958904109589042,0.4211755286383433,0.5085329697986237,0.8411764705882352,1.0,0.8,0.9,0.08695652173913043,1.0,0.7070332480818414,0.05211406096361849,0.18266722555191414,0.11739064325776631,0.0,1.0,0.6,0.8,0.0,0.06382978723404255,0.21595744680851064
T13_HttpConnection,eclipse/jetty.project,58,5,0,testChunkTrailer;testUnconsumedTimeout;testHttp11ChunkedBodyTruncation;testHttp11TransferEncodingInvalidChunked;testUnconsumedErrorStream,T14_ConfigXmlGenerator,0.4426229508196721,0.33948201598566546,0.3910524834026688,0.5583333333333333,1.0,1.0,1.0,0.75,1.0,0.8270833333333334,0.07515657620041753,0.1841652094842488,0.12966089284233318,0.0,1.0,0.8666666666666666,0.9333333333333333,0.2222222222222222,0.09259259259259259,0.31203703703703706
T13_HttpConnection,eclipse/jetty.project,58,5,1,testAmbiguousParameters;testBadURIencoding;testAmbiguousEncoding;testUnconsumed;testHttp11TransferEncodingChunked,T14_ConfigXmlGenerator,0.45433255269320844,0.34268621927176973,0.3985093859824891,0.6825396825396826,1.0,0.9,0.95,0.6923076923076923,1.0,0.8312118437118436,0.07314524555903866,0.1812348951519928,0.12719007035551572,0.0,1.0,0.7333333333333333,0.8666666666666667,0.2,0.09259259259259259,0.2898148148148148
T13_HttpConnection,eclipse/jetty.project,58,5,2,testBytesIn;testUnconsumedException;testOKPathDotDotPath;testSetDate;testHttp11MultipleContentLength,T14_ConfigXmlGenerator,0.508235294117647,0.35152388073620827,0.42987958742692767,0.5456989247311828,1.0,0.9733333333333334,0.9866666666666667,0.64,1.0,0.7930913978494624,0.07699711260827719,0.19049827149584447,0.13374769205206083,0.3333333333333333,1.0,0.7733333333333333,0.8866666666666667,0.18181818181818182,0.09259259259259259,0.3736026936026936
T13_HttpConnection,eclipse/jetty.project,58,5,3,testUnconsumed;testFragmentedChunk;testAmbiguousDoubleSlash;test09;testBadNoPath,T14_ConfigXmlGenerator,0.4719626168224299,0.33951431739359617,0.40573846710801303,0.7271662763466042,1.0,0.7,0.85,0.8235294117647058,1.0,0.8501739220278275,0.10105580693815988,0.17465615043477697,0.13785597868646843,0.0,1.0,0.6,0.8,0.25,0.09259259259259259,0.28564814814814815
T13_HttpConnection,eclipse/jetty.project,58,5,4,testNoHost;testConnectionBehavior;testUnconsumedTimeout;testHttp09NoHeaders;testChunkTrailer,T14_ConfigXmlGenerator,0.4766355140186916,0.3365431749159713,0.4065893444673314,0.6224105461393596,1.0,1.0,1.0,0.7083333333333334,1.0,0.8326859698681732,0.0804369414101291,0.19382599212743962,0.13713146676878435,0.06805555555555555,1.0,0.7333333333333333,0.8666666666666667,0.2222222222222222,0.09259259259259259,0.3123842592592593
T13_HttpConnection,eclipse/jetty.project,58,5,5,testChunk;testNoHost;testBadSlashDotDotPath;testHeadChunked;testUnconsumed,T14_ConfigXmlGenerator,0.45093457943925236,0.3387849287122637,0.394859754075758,0.6142857142857143,1.0,0.7866666666666666,0.8933333333333333,0.6571428571428571,1.0,0.7911904761904762,0.07861635220125786,0.1835477120941093,0.13108203214768357,0.2,1.0,0.5866666666666667,0.7933333333333333,0.14285714285714285,0.09259259259259259,0.3071957671957672
T13_HttpConnection,eclipse/jetty.project,58,5,6,testEmptyNotPersistent;testNoPath;testEmptyHost;testUnconsumedException;testBadURI,T14_ConfigXmlGenerator,0.5441988950276243,0.3205734240610995,0.4323861595443619,0.7578125,1.0,1.0,1.0,0.7083333333333334,1.0,0.8665364583333334,0.07505285412262157,0.1796147651921971,0.12733380965740934,0.0,1.0,0.7333333333333333,0.8666666666666667,0.2222222222222222,0.09259259259259259,0.2953703703703704
T13_HttpConnection,eclipse/jetty.project,58,5,7,testHeadChunked;testBytesIn;testUnconsumedException;testExcessiveHeader;testSetDate,T14_ConfigXmlGenerator,0.5458823529411765,0.3716005734057358,0.45874146317345615,0.48333333333333334,1.0,1.0,1.0,0.5161290322580645,1.0,0.7498655913978495,0.07848837209302326,0.19807473975763787,0.13828155592533056,0.375,1.0,0.6666666666666666,0.8333333333333333,0.11764705882352941,0.09259259259259259,0.3546432461873638
T13_HttpConnection,eclipse/jetty.project,58,5,8,testBytesIn;testEmptyHost;testAutoFlush;testCONNECT;testAllowedLargeResponse,T14_ConfigXmlGenerator,0.544392523364486,0.3505614893854179,0.4474770063749519,0.553763440860215,1.0,0.9,0.95,0.6666666666666666,1.0,0.7926075268817204,0.10040705563093623,0.1897684898184186,0.1450877727246774,0.3333333333333333,1.0,0.6666666666666666,0.8333333333333333,0.18181818181818182,0.09259259259259259,0.36026936026936024
T13_HttpConnection,eclipse/jetty.project,58,5,9,testAmbiguousSeparators;testHttp09NoVersion;testConnection;testExcessiveHeader;testHostOnlyPort,T14_ConfigXmlGenerator,0.4566744730679157,0.32976248528034896,0.39321847917413233,0.7327586206896552,1.0,0.9,0.95,0.65,1.0,0.8331896551724138,0.07414829659318638,0.17673712601006894,0.12544271130162765,0.0,1.0,0.7333333333333333,0.8666666666666667,0.2222222222222222,0.09259259259259259,0.2953703703703704
T14_ConfigXmlGenerator,hazelcast/hazelcast,70,5,0,testSecurityConfig;testListenerConfig_withImplementation;testAdvancedNetworkFailureDetectorConfigGenerator;testLdapConfig;testSplitBrainProtectionConfig_configByClassName,T15_CloneVisitor,0.3337091319052988,0.28898107513792765,0.3113451035216132,0.9392901618929017,0.7416666666666667,0.8583333333333334,0.8,0.38461538461538464,1.0,0.7809763866270716,0.08064516129032258,0.4209976812373323,0.25082142126382745,0.9545454545454546,0.0,0.8583333333333334,0.4291666666666667,0.0,0.0,0.3459280303030303
T14_ConfigXmlGenerator,hazelcast/hazelcast,70,5,1,testSqlConfig;testCompactSerialization;testUserCodeDeployment;testAuditlogConfig;testMetricsConfig,T15_CloneVisitor,0.294250281848929,0.2769083630263373,0.2855793224376332,0.90843837535014,1.0,0.7333333333333333,0.8666666666666667,0.5454545454545454,1.0,0.8301398968678381,0.08010335917312661,0.2957369767516488,0.1879201679623877,0.8571428571428572,0.0,0.7333333333333333,0.36666666666666664,0.0,0.0,0.305952380952381
T14_ConfigXmlGenerator,hazelcast/hazelcast,70,5,2,testPersistenceEncryptionAtRestConfig_whenJavaKeyStore_andMaskingDisabled;testDynamicConfigurationConfig;testNetworkConfigTpcSocketConfig;testAdvancedNetworkFailureDetectorConfigGenerator;testAdvancedNetworkMulticastJoinConfig,T15_CloneVisitor,0.3089064261555806,0.2606903469949876,0.2847983865752841,0.8904109589041096,0.876595744680851,0.9866666666666667,0.9316312056737588,0.6,1.0,0.8555105411444671,0.08285714285714285,0.2915445477510722,0.18720084530410752,1.0,0.0,0.9866666666666667,0.49333333333333335,0.0,0.0,0.37333333333333335
T14_ConfigXmlGenerator,hazelcast/hazelcast,70,5,3,testSecurityConfig;testPersistenceConfig;testMemberAddressProvider;testMetricsConfig;testPersistenceEncryptionAtRestConfig_whenVault_andMaskingDisabled,T15_CloneVisitor,0.4633699633699634,0.2916149726503141,0.37749246801013875,0.9308226495726495,0.876595744680851,0.8,0.8382978723404255,0.390625,1.0,0.7899363804782688,0.08823529411764706,0.309550654596885,0.19889297435726605,0.9615384615384616,0.0,0.8,0.4,0.0,0.0,0.3403846153846154
T14_ConfigXmlGenerator,hazelcast/hazelcast,70,5,4,testDynamicConfigurationConfig;testNativeMemoryWithPersistentMemory;testSerializationConfig;testCacheMerkleTreeConfig;testTpcConfig,T15_CloneVisitor,0.3742953776775648,0.29876096044919714,0.336528169063381,0.8958333333333333,1.0,0.8533333333333333,0.9266666666666666,0.46153846153846156,1.0,0.8210096153846154,0.07651715039577836,0.41279806543101427,0.2446576079133963,0.9594594594594594,0.0,0.8533333333333333,0.42666666666666664,0.0,0.0,0.3465315315315315
T14_ConfigXmlGenerator,hazelcast/hazelcast,70,5,5,testConfig_configuredByProbabilisticSplitBrainProtectionConfigBuilder;testLdapConfig;testNetworkConfigOutboundPorts;testFailureDetectorConfigGenerator;testEndpointConfig_completeConfiguration,T15_CloneVisitor,0.34949267192784667,0.2921036528239781,0.3207981623759124,0.9347701149425287,0.7416666666666667,0.9259259259259259,0.8337962962962964,0.5208333333333334,1.0,0.8223499361430396,0.07226107226107226,0.3063743210045212,0.18931769663279674,0.9583333333333333,0.0,0.9259259259259259,0.46296296296296297,0.0,0.0,0.35532407407407407
T14_ConfigXmlGenerator,hazelcast/hazelcast,70,5,6,testUserCodeDeployment;testAdvancedNetworkTcpJoinConfig;testSecurityConfig;testNamespacesConfig;testNativeMemory,T15_CloneVisitor,0.3337091319052988,0.30378884383509,0.31874898787019434,0.9053030303030303,1.0,0.8,0.9,0.3787878787878788,1.0,0.7960227272727273,0.06928406466512702,0.32105412958598645,0.19516909712555675,0.96,0.0,0.8,0.4,0.0,0.0,0.33999999999999997
T14_ConfigXmlGenerator,hazelcast/hazelcast,70,5,7,testCacheWithoutMerkleTreeConfig;testIfSensitiveDataIsNotMasked_whenMaskingDisabled;testListenerConfig;testAdvancedNetworkTcpJoinConfig;testCompactSerialization,T15_CloneVisitor,0.32130777903043967,0.2816888491924388,0.30149831411143924,0.853165522501907,0.876595744680851,0.8666666666666666,0.8716312056737587,0.5434782608695652,1.0,0.8170687472613077,0.08136482939632546,0.30678875954430923,0.19407679447031734,0.8947368421052632,0.0,0.8666666666666666,0.4333333333333333,0.0,0.0,0.3320175438596491
T14_ConfigXmlGenerator,hazelcast/hazelcast,70,5,8,testJetConfig;testTlsAuthenticationConfig;testAdvancedNetworkTcpJoinConfig;testTpcConfig;testPersistenceEncryptionAtRestConfig_whenVault_andMaskingDisabled,T15_CloneVisitor,0.4194139194139194,0.2761638924825422,0.3477889059482308,0.8888888888888888,0.876595744680851,0.8666666666666666,0.8716312056737587,0.5319148936170213,1.0,0.8231087470449172,0.11811023622047244,0.4170733442316008,0.26759179022603663,1.0,0.0,0.8666666666666666,0.4333333333333333,0.0,0.0,0.35833333333333334
T14_ConfigXmlGenerator,hazelcast/hazelcast,70,5,9,testPersistenceEncryptionAtRestConfig_whenJavaKeyStore_andMaskingEnabled;testFailureDetectorConfigGenerator;testAdvancedNetworkTcpJoinConfig;testDataConnectionConfig;testConfig_configuredByRecentlyActiveSplitBrainProtectionConfigBuilder,T15_CloneVisitor,0.3179255918827508,0.27667124883271654,0.2972984203577337,0.9409722222222222,0.7416666666666667,0.9933333333333334,0.8675,0.574468085106383,1.0,0.8457350768321513,0.09345794392523364,0.4211760895467519,0.2573170167359928,0.9230769230769231,0.0,0.9933333333333334,0.4966666666666667,0.0,0.0,0.3549358974358975
T15_CloneVisitor,javaparser/javaparser,2,1,0,cloneJavaDocTest,T16_DefaultApplicationContext,0.5051546391752577,0.8405676652730377,0.6728611522241477,1.0,1.0,1.0,1.0,0.11764705882352941,1.0,0.7794117647058824,0.15517241379310345,0.34852224703220835,0.2518473304126559,0.625,1.0,1.0,1.0,,0.0,0.5416666666666666
T15_CloneVisitor,javaparser/javaparser,2,1,1,cloneAnnotationOnWildcardTypeArgument,T16_DefaultApplicationContext,0.5051546391752577,0.5201981946985832,0.5126764169369205,1.0,1.0,1.0,1.0,0.6666666666666666,1.0,0.9166666666666666,0.27692307692307694,0.36338938807310656,0.3201562324980918,0.5,1.0,1.0,1.0,,0.0,0.5
T15_CloneVisitor,javaparser/javaparser,2,1,2,cloneAnnotationOnWildcardTypeArgument,T16_DefaultApplicationContext,0.5051546391752577,0.5201981946985832,0.5126764169369205,1.0,1.0,1.0,1.0,0.6666666666666666,1.0,0.9166666666666666,0.24324324324324326,0.3294046795786737,0.2863239614109585,0.625,1.0,1.0,1.0,,0.0,0.5416666666666666
T15_CloneVisitor,javaparser/javaparser,2,1,3,cloneAnnotationOnWildcardTypeArgument,T16_DefaultApplicationContext,0.5051546391752577,0.5201981946985832,0.5126764169369205,1.0,1.0,1.0,1.0,0.6666666666666666,1.0,0.9166666666666666,0.24324324324324326,0.3294046795786737,0.2863239614109585,0.625,1.0,1.0,1.0,,0.0,0.5416666666666666
T15_CloneVisitor,javaparser/javaparser,2,1,4,cloneJavaDocTest,T16_DefaultApplicationContext,0.5051546391752577,0.8405676652730377,0.6728611522241477,1.0,1.0,1.0,1.0,0.11764705882352941,1.0,0.7794117647058824,0.15517241379310345,0.34852224703220835,0.2518473304126559,0.625,1.0,1.0,1.0,,0.0,0.5416666666666666
T15_CloneVisitor,javaparser/javaparser,2,1,5,cloneAnnotationOnWildcardTypeArgument,T16_DefaultApplicationContext,0.5051546391752577,0.5201981946985832,0.5126764169369205,1.0,1.0,1.0,1.0,0.6666666666666666,1.0,0.9166666666666666,0.24324324324324326,0.3294046795786737,0.2863239614109585,0.625,1.0,1.0,1.0,,0.0,0.5416666666666666
T15_CloneVisitor,javaparser/javaparser,2,1,6,cloneAnnotationOnWildcardTypeArgument,T16_DefaultApplicationContext,0.5051546391752577,0.5201981946985832,0.5126764169369205,1.0,1.0,1.0,1.0,0.6666666666666666,1.0,0.9166666666666666,0.24324324324324326,0.3294046795786737,0.2863239614109585,0.625,1.0,1.0,1.0,,0.0,0.5416666666666666
T15_CloneVisitor,javaparser/javaparser,2,1,7,cloneAnnotationOnWildcardTypeArgument,T16_DefaultApplicationContext,0.5051546391752577,0.5201981946985832,0.5126764169369205,1.0,1.0,1.0,1.0,0.6666666666666666,1.0,0.9166666666666666,0.27692307692307694,0.36338938807310656,0.3201562324980918,0.5,1.0,1.0,1.0,,0.0,0.5
T15_CloneVisitor,javaparser/javaparser,2,1,8,cloneJavaDocTest,T16_DefaultApplicationContext,0.5051546391752577,0.8405676652730377,0.6728611522241477,1.0,1.0,1.0,1.0,0.11764705882352941,1.0,0.7794117647058824,0.15517241379310345,0.34852224703220835,0.2518473304126559,0.625,1.0,1.0,1.0,,0.0,0.5416666666666666
T15_CloneVisitor,javaparser/javaparser,2,1,9,cloneJavaDocTest,T16_DefaultApplicationContext,0.5051546391752577,0.8405676652730377,0.6728611522241477,1.0,1.0,1.0,1.0,0.11764705882352941,1.0,0.7794117647058824,0.15517241379310345,0.34852224703220835,0.2518473304126559,0.625,1.0,1.0,1.0,,0.0,0.5416666666666666
T16_DefaultApplicationContext,micronaut-projects/micronaut-core,2,1,0,applicationContextShouldShutDownTheEnvironmentItCreated,T18_Instrumenter,0.775,0.5047294946060352,0.6398647473030177,0.875,1.0,1.0,1.0,,1.0,0.9583333333333334,0.08015267175572519,0.08385027007030375,0.08200147091301446,0.0,0.5,1.0,0.75,0.0,0.0,0.1875
T16_DefaultApplicationContext,micronaut-projects/micronaut-core,2,1,1,applicationContextShouldNotStopTheEnvironmentItDidNotCreate,T18_Instrumenter,0.775,0.6194696444210726,0.6972348222105362,0.875,1.0,0.9696969696969697,0.9848484848484849,,1.0,0.9532828282828283,0.07664233576642336,0.0840442842702808,0.08034331001835207,0.0,0.4444444444444444,0.9696969696969697,0.7070707070707071,0.0,0.0,0.17676767676767677
T16_DefaultApplicationContext,micronaut-projects/micronaut-core,2,1,2,applicationContextShouldShutDownTheEnvironmentItCreated,T18_Instrumenter,0.775,0.5047294946060352,0.6398647473030177,0.875,1.0,1.0,1.0,,1.0,0.9583333333333334,0.07720588235294118,0.0835271323150083,0.08036650733397474,0.0,0.5714285714285714,1.0,0.7857142857142857,0.0,0.0,0.19642857142857142
T16_DefaultApplicationContext,micronaut-projects/micronaut-core,2,1,3,applicationContextShouldShutDownTheEnvironmentItCreated,T18_Instrumenter,0.775,0.5047294946060352,0.6398647473030177,0.875,1.0,1.0,1.0,,1.0,0.9583333333333334,0.08045977011494253,0.0852223056774282,0.08284103789618535,0.0,0.3,1.0,0.65,0.0,0.0,0.1625
T16_DefaultApplicationContext,micronaut-projects/micronaut-core,2,1,4,applicationContextShouldShutDownTheEnvironmentItCreated,T18_Instrumenter,0.775,0.5047294946060352,0.6398647473030177,0.875,1.0,1.0,1.0,,1.0,0.9583333333333334,0.07865168539325842,0.08540637968552466,0.08202903253939153,0.0,0.2,1.0,0.6,0.0,0.0,0.15
T16_DefaultApplicationContext,micronaut-projects/micronaut-core,2,1,5,applicationContextShouldShutDownTheEnvironmentItCreated,T18_Instrumenter,0.775,0.5047294946060352,0.6398647473030177,0.875,1.0,1.0,1.0,,1.0,0.9583333333333334,0.07924528301886792,0.08333954261355812,0.08129241281621302,0.0,0.2,1.0,0.6,0.0,0.0,0.15
T16_DefaultApplicationContext,micronaut-projects/micronaut-core,2,1,6,applicationContextShouldShutDownTheEnvironmentItCreated,T18_Instrumenter,0.775,0.5047294946060352,0.6398647473030177,0.875,1.0,1.0,1.0,,1.0,0.9583333333333334,0.07777777777777778,0.08446463681831407,0.08112120729804592,0.0,0.375,1.0,0.6875,0.0,0.0,0.171875
T16_DefaultApplicationContext,micronaut-projects/micronaut-core,2,1,7,applicationContextShouldNotStopTheEnvironmentItDidNotCreate,T18_Instrumenter,0.775,0.6194696444210726,0.6972348222105362,0.875,1.0,0.9696969696969697,0.9848484848484849,,1.0,0.9532828282828283,0.07553956834532374,0.08504290195677307,0.08029123515104841,0.0,0.5,0.9696969696969697,0.7348484848484849,0.0,0.0,0.18371212121212122
T16_DefaultApplicationContext,micronaut-projects/micronaut-core,2,1,8,applicationContextShouldShutDownTheEnvironmentItCreated,T18_Instrumenter,0.775,0.5047294946060352,0.6398647473030177,0.875,1.0,1.0,1.0,,1.0,0.9583333333333334,0.07865168539325842,0.08432865919039428,0.08149017229182635,0.0,0.5,1.0,0.75,0.0,0.0,0.1875
T16_DefaultApplicationContext,micronaut-projects/micronaut-core,2,1,9,applicationContextShouldShutDownTheEnvironmentItCreated,T18_Instrumenter,0.775,0.5047294946060352,0.6398647473030177,0.875,1.0,1.0,1.0,,1.0,0.9583333333333334,0.07865168539325842,0.08523890063340257,0.0819452930133305,0.0,0.5,1.0,0.75,0.0,0.0,0.1875
T18_Instrumenter,open-telemetry/opentelemetry-java-instrumentation,20,5,0,upstream_customSpanKind;client;shouldUseContextCustomizer;downstream_customSpanKind;server_parent,T19_JavaClientCodegen,0.725925925925926,0.5172550609963045,0.6215904934611152,0.7954545454545454,0.775,0.8,0.7875000000000001,0.5416666666666666,1.0,0.781155303030303,0.06230847803881512,0.16001710119817783,0.11116278961849647,0.19148936170212766,0.0775,0.8,0.43875000000000003,0.0,0.05128205128205128,0.17038035324604475
T18_Instrumenter,open-telemetry/opentelemetry-java-instrumentation,20,5,1,schemaUrl_computedFromExtractors;shouldUseContextCustomizer;server;shouldDisableInstrumenter;client_parent,T19_JavaClientCodegen,0.7481481481481481,0.4965843897133837,0.6223662689307659,0.81,0.5777777777777777,0.7333333333333333,0.6555555555555554,0.5909090909090909,1.0,0.7641161616161616,0.06769230769230769,0.15674217675584945,0.11221724222407857,0.1882716049382716,0.08148148148148147,0.7333333333333333,0.4074074074074074,0.0,0.05128205128205128,0.16174026590693258
T18_Instrumenter,open-telemetry/opentelemetry-java-instrumentation,20,5,2,client_parent;instrumentationVersion_default;schemaUrl_computedFromExtractors;downstream_customSpanKind;server,T19_JavaClientCodegen,0.7666666666666667,0.5300272112676322,0.6483469389671495,0.8238636363636364,0.9142857142857143,0.8,0.8571428571428572,0.5652173913043478,1.0,0.8115559712027103,0.06735751295336788,0.15748266710336384,0.11242009002836587,0.19418960244648317,0.07749999999999999,0.8,0.43875000000000003,0.0,0.05128205128205128,0.17105541343213362
T18_Instrumenter,open-telemetry/opentelemetry-java-instrumentation,20,5,3,operationMetrics;schemaUrl_setExplicitly;shouldDisableInstrumenter;shouldRetrieveSpanKeysFromAttributesExtractors;operationListenerAttributeExtractors,T19_JavaClientCodegen,0.7703703703703704,0.5337908918875282,0.6520806311289493,0.7443181818181819,0.4,0.8666666666666666,0.6333333333333333,0.6206896551724138,1.0,0.7495852925809823,0.06707317073170732,0.15898966846375973,0.11303141959773352,0.19300911854103345,0.11750000000000001,0.8666666666666666,0.4920833333333333,0.0,0.05128205128205128,0.18409362578910451
T18_Instrumenter,open-telemetry/opentelemetry-java-instrumentation,20,5,4,instrumentationVersion_default;shouldRetrieveSpanKeysFromAttributesExtractors;operationMetrics;operationListeners;server,T19_JavaClientCodegen,0.7703703703703704,0.5373969601368225,0.6538836652535964,0.7992424242424243,0.38,0.7333333333333333,0.5566666666666666,0.59375,1.0,0.7374147727272727,0.06517311608961303,0.1583423759750618,0.1117577460323374,0.1926605504587156,0.15999999999999998,0.7333333333333333,0.44666666666666666,0.0,0.05128205128205128,0.17265231710185838
T18_Instrumenter,open-telemetry/opentelemetry-java-instrumentation,20,5,5,operationMetrics;server;shouldDisableInstrumenter;client;client_parent,T19_JavaClientCodegen,0.7666666666666667,0.533528127733868,0.6500973972002674,0.8007246376811594,0.38,0.5333333333333333,0.45666666666666667,0.5,1.0,0.6893478260869565,0.06813417190775681,0.16076728751814032,0.11445072971294856,0.27564102564102566,0.1580246913580247,0.5333333333333333,0.345679012345679,0.0,0.05128205128205128,0.168150522317189
T18_Instrumenter,open-telemetry/opentelemetry-java-instrumentation,20,5,6,schemaUrl_schemaSetExplicitlyOverridesSchemaComputedFromExtractors;client;client_error;server_error;operationListenerAttributeExtractors,T19_JavaClientCodegen,0.7851851851851852,0.5839933891360456,0.6845892871606154,0.8314393939393939,0.75,0.72,0.735,0.4411764705882353,1.0,0.7519039661319074,0.06829765545361875,0.15998257525189072,0.11414011535275473,0.1933534743202417,0.11604938271604937,0.72,0.41802469135802467,0.0,0.05128205128205128,0.1656650542400794
T18_Instrumenter,open-telemetry/opentelemetry-java-instrumentation,20,5,7,schemaUrl_setExplicitly;server_error;shouldDisableInstrumenter;operationMetrics;instrumentationVersion_default,T19_JavaClientCodegen,0.7296296296296296,0.47398192068764405,0.6018057751586369,0.8012820512820513,0.775,0.8,0.7875000000000001,0.6363636363636364,1.0,0.806286421911422,0.06714876033057851,0.15110846695225866,0.10912861364141858,0.19230769230769232,0.06585365853658537,0.8,0.43292682926829273,0.0,0.05128205128205128,0.1691291432145091
T18_Instrumenter,open-telemetry/opentelemetry-java-instrumentation,20,5,8,server_parent;shouldNotAddInvalidLink;schemaUrl_schemaSetExplicitlyOverridesSchemaComputedFromExtractors;client_error;operationListenerAttributeExtractors,T19_JavaClientCodegen,0.7962962962962963,0.6053004291861626,0.7007983627412294,0.79,0.775,0.8533333333333333,0.8141666666666667,0.4827586206896552,1.0,0.7717313218390804,0.06889564336372847,0.15822750450403517,0.11356157393388182,0.191131498470948,0.07901234567901234,0.8533333333333333,0.46617283950617283,0.0,0.05128205128205128,0.17714659731479304
T18_Instrumenter,open-telemetry/opentelemetry-java-instrumentation,20,5,9,operationListeners;shouldRetrieveSpanKeysFromAttributesExtractors;instrumentationVersion_default;schemaUrl_schemaSetExplicitlyOverridesSchemaComputedFromExtractors;schemaUrl_setExplicitly,T19_JavaClientCodegen,0.7111111111111111,0.479008486833323,0.5950597989722171,0.72,0.775,0.9866666666666667,0.8808333333333334,0.7272727272727273,1.0,0.8320265151515152,0.06714876033057851,0.15285596440858404,0.11000236236958127,0.18902439024390244,0.06666666666666667,0.9199999999999999,0.4933333333333333,0.0,0.05128205128205128,0.18340994371482175
T19_JavaClientCodegen,openapitools/openapi-generator,140,5,0,testJdkHttpClient;testReturnTypeMapping;testHandleConstantParams;sealedInterfaceScenariosWebClient;testRestClientFormMultipart,T21_DefaultTransitService,0.3241296518607443,0.244630979568535,0.2843803157146396,0.39184397163120566,0.845,1.0,0.9225,0.5227272727272727,1.0,0.7092678110896196,0.10344827586206896,0.26626143610531816,0.18485485598369356,0.08333333333333333,0.2,1.0,0.6,0.0,0.037037037037037035,0.18009259259259258
T19_JavaClientCodegen,openapitools/openapi-generator,140,5,1,testAllowModelWithNoProperties;shouldNotAddAdditionalModelAnnotationsToAbstractOpenApiSchema_issue15684;testMicroprofileGenerateCorrectJsonbCreator_issue12622;testEnumWithImplements;testHandleURIEnum,T21_DefaultTransitService,0.32292917166866747,0.24364177898748934,0.2832854753280784,0.41652637485970817,0.6641975308641975,0.9,0.7820987654320988,0.5227272727272727,1.0,0.68033810325477,0.10278372591006424,0.26875972561498296,0.1857717257625236,0.09090909090909091,0.0,0.9,0.45,0.0,0.037037037037037035,0.144486531986532
T19_JavaClientCodegen,openapitools/openapi-generator,140,5,2,testRestTemplateWithUseAbstractionForFiles;testSchemaMapping;testWebClientFormMultipart;testMicroprofileRestClientIncorrectVersion;shouldProperlyExplodeRestTemplateQueryParameters_issue907,T21_DefaultTransitService,0.328537170263789,0.246604453679724,0.2875708119717565,0.720565749235474,0.8025,0.8833333333333334,0.8429166666666668,0.5714285714285714,1.0,0.783727746832678,0.10187110187110188,0.2763998444157635,0.18913547314343268,0.375,0.0,0.8833333333333334,0.4416666666666667,0.0,0.037037037037037035,0.21342592592592594
T19_JavaClientCodegen,openapitools/openapi-generator,140,5,3,testGeneratedAuthClassesJersey;testForJavaApacheHttpClientJsonSubtype;testSettersForConfigValues;testRestTemplateWithPerformBeanValidationEnabled;callNativeServiceWithEmptyResponseAsync,T21_DefaultTransitService,0.34292565947242204,0.2508453181752163,0.29688548882381915,0.5098784194528876,0.845,1.0,0.9225,0.48936170212765956,1.0,0.7304350303951368,0.10330578512396695,0.2752113942866451,0.189258589705306,0.25,0.2,1.0,0.6,0.0,0.037037037037037035,0.22175925925925927
T19_JavaClientCodegen,openapitools/openapi-generator,140,5,4,testWebClientWithUseAbstractionForFiles;testRestTemplateWithFreeFormInQueryParameters;testRestClientJsonCreatorWithNullable_issue12790;testClassesAreValidJavaJersey2;testMicroprofileRestClientIncorrectVersion,T21_DefaultTransitService,0.31774580335731417,0.24506568415709049,0.28140574375720234,0.5070718654434251,0.8625,0.9,0.8812500000000001,0.5348837209302325,1.0,0.7308013965934144,0.10606060606060606,0.2626655587194199,0.18436308239001298,0.1875,0.0,0.9,0.45,0.0,0.037037037037037035,0.16863425925925926
T19_JavaClientCodegen,openapitools/openapi-generator,140,5,5,testGenerateParameterId;testAnyType;testAuthorizationScopeValues_Issue392;testOkHttpGsonHandleURIEnum;shouldNotAddAdditionalModelAnnotationsToAbstractOpenApiSchema_issue15684,T21_DefaultTransitService,0.3427922814982974,0.24741497507394447,0.2951036282861209,0.38450960480663454,0.6641975308641975,0.8333333333333334,0.7487654320987654,0.5609756097560976,1.0,0.6735626616653744,0.09330985915492958,0.29155232563871114,0.19243109239682035,0.5761138613861386,0.0,0.8333333333333334,0.4166666666666667,0.0,0.037037037037037035,0.2574543912724606
T19_JavaClientCodegen,openapitools/openapi-generator,140,5,6,testEnumCaseSensitive_issue8084;testNativeClientWithUseSingleRequestParameter;testMicroprofileGenerateCorrectJsonbCreator_issue12622;testAllOfWithSinglePrimitiveTypeRef;testReferencedHeader2,T21_DefaultTransitService,0.3213429256594724,0.2405737657799928,0.2809583457197326,0.3395015105740181,0.7185185185185186,0.8,0.7592592592592593,0.5111111111111111,1.0,0.6524679702360972,0.10367170626349892,0.26782095085406915,0.18574632855878404,0.125,0.0,0.8,0.4,0.0,0.037037037037037035,0.14050925925925928
T19_JavaClientCodegen,openapitools/openapi-generator,140,5,7,doesNotGenerateJacksonJsonFormatAnnotation_whenLibraryIsGson_andSerializeBigDecimalAsStringIsTrue;testPackageNamesSetInvokerDerivedFromApi;updateCodegenPropertyEnumWithCustomNames;shouldGenerateBlockingAndNoBlockingOperationsForWebClient;testJdkHttpClient,T21_DefaultTransitService,0.3381294964028777,0.24130339488434327,0.2897164456436105,0.6123076923076923,0.4560975609756097,0.9890838206627681,0.7225906908191889,0.5581395348837209,1.0,0.7232594795026506,0.10714285714285714,0.26646180678371945,0.1868023319632883,0.30000000000000004,0.2,0.9890838206627681,0.594541910331384,0.0,0.037037037037037035,0.23289473684210527
T19_JavaClientCodegen,openapitools/openapi-generator,140,5,8,testAuthorizationsMethodsSizeWhenFiltered;testGeneratePing;givenOneOfUsesInterfacesAndLibraryNotJacksonWhenGenerateThenOneOfInterfaceDoesNotHaveJacksonImports;shouldNotAddAdditionalModelAnnotationsToAbstractOpenApiSchema_issue15684;testBuilderJavaClient,T21_DefaultTransitService,0.35251798561151076,0.24371428172262208,0.2981161336670664,0.5252293577981652,0.6049382716049383,0.8692982456140351,0.7371182586094867,0.5333333333333333,1.0,0.6989202374352463,0.102880658436214,0.28560288731009076,0.19424177287315236,0.1875,0.0,0.8692982456140351,0.43464912280701756,0.0,0.037037037037037035,0.16479653996101365
T19_JavaClientCodegen,openapitools/openapi-generator,140,5,9,doesNotGenerateJacksonJsonFormatAnnotation_whenLibraryIsGson_andSerializeBigDecimalAsStringIsTrue;testMapOfInnerEnum_issue19393;testCharsetInContentTypeCorrectlyEncodedForFeignApi_issue19895;shouldGenerateCorrectJaxbAnnotations;testEnumCaseInsensitive_issue8084,T21_DefaultTransitService,0.3441247002398082,0.24597093650526064,0.2950478183725344,0.29551393728222997,0.1761904761904762,0.8464912280701753,0.5113408521303258,0.5111111111111111,1.0,0.5794914751309167,0.1090146750524109,0.2744146636435263,0.1917146693479686,0.0,0.0,0.8464912280701753,0.42324561403508765,0.0,0.037037037037037035,0.11507066276803117
T21_DefaultTransitService,opentripplanner/opentripplanner,18,5,0,getScheduledTripTimes;listCanceledTrips;groupOfStationsChildIds;getScheduledTripTimesForAddedTrip;modeFromPatterns,T22_ODocument,0.8884297520661157,0.7275815773735161,0.8080056647198159,0.8375,1.0,0.9904761904761905,0.9952380952380953,0.2222222222222222,1.0,0.7637400793650794,0.13813813813813813,0.2449935553518005,0.19156584674496932,0.7770491803278688,0.0,0.9904761904761905,0.49523809523809526,,0.02564102564102564,0.43264276706899657
T21_DefaultTransitService,opentripplanner/opentripplanner,18,5,1,stationModes;getRealtimeTripTimesForAddedTripOnNoServiceDay;getRealtimeTripTimes;modeFromPatterns;stopOrChildId,T22_ODocument,0.9090909090909091,0.7562943823012618,0.8326926456960855,0.8375,1.0,0.9272727272727274,0.9636363636363636,0.2222222222222222,1.0,0.7558396464646464,0.13649851632047477,0.2343135418456433,0.18540602908305903,0.753448275862069,0.0,0.9272727272727274,0.4636363636363637,,0.02564102564102564,0.4142418883798194
T21_DefaultTransitService,opentripplanner/opentripplanner,18,5,2,modeFromPatterns;stationModes;getScheduledTripTimesForAddedTrip;groupOfStationsChildIds;stopOrChildId,T22_ODocument,0.8925619834710744,0.7174281693723259,0.8049950764217002,0.70625,1.0,0.9238095238095237,0.9619047619047618,0.25,1.0,0.7295386904761905,0.13897280966767372,0.24588325639519443,0.19242803303143408,0.6,0.0,0.9238095238095237,0.4619047619047619,,0.02564102564102564,0.3625152625152625
T21_DefaultTransitService,opentripplanner/opentripplanner,18,5,3,getScheduledTripTimesForAddedTrip;getPatternForStopsWithRealTime;getScheduledTripTimes;getRealtimeTripTimesForAddedTripOnNoServiceDay;getRealtimeTripTimes,T22_ODocument,0.8925619834710744,0.7554478523135837,0.824004917892329,0.59375,1.0,0.9844155844155844,0.9922077922077922,0.2,1.0,0.696489448051948,0.13855421686746988,0.23708192477650564,0.18781807082198776,0.9253731343283582,0.0,0.9844155844155844,0.4922077922077922,,0.02564102564102564,0.4810739840590587
T21_DefaultTransitService,opentripplanner/opentripplanner,18,5,4,modeFromPatterns;stationModes;groupOfStationsChildIds;getRealtimeTripTimes;getPatternForStopsWithRealTime,T22_ODocument,0.9090909090909091,0.7647822729973737,0.8369365910441413,0.8375,1.0,0.9333333333333333,0.9666666666666667,0.2222222222222222,1.0,0.7565972222222223,0.13313609467455623,0.23809898781155994,0.18561754124305807,0.7701298701298702,0.0,0.9333333333333333,0.4666666666666667,,0.02564102564102564,0.42081252081252085
T21_DefaultTransitService,opentripplanner/opentripplanner,18,5,5,listCanceledTrips;stopOrChildId;getTripTimesOnNoServiceDay;getRealtimeTripTimes;getPatternForStopsWithoutRealTime,T22_ODocument,0.9049586776859504,0.7536415481760468,0.8293001129309986,0.8375,1.0,1.0,1.0,0.2222222222222222,1.0,0.7649305555555556,0.13583815028901733,0.24546328359100944,0.1906507169400134,0.7611111111111111,0.0,1.0,0.5,,0.02564102564102564,0.42891737891737886
T21_DefaultTransitService,opentripplanner/opentripplanner,18,5,6,getTripTimesOnNoServiceDay;getRealtimeTripTimesForAddedTripOnNoServiceDay;getRealtimeTripTimes;groupOfStationsChildIds;listCanceledTrips,T22_ODocument,0.9008264462809917,0.7495960257363417,0.8252112360086667,0.8375,1.0,0.9939393939393939,0.996969696969697,0.2222222222222222,1.0,0.7641729797979798,0.13432835820895522,0.23689960062994098,0.1856139794194481,0.8,0.0,0.9939393939393939,0.49696969696969695,,0.02564102564102564,0.4408702408702409
T21_DefaultTransitService,opentripplanner/opentripplanner,18,5,7,groupOfStationsChildIds;getScheduledTripTimesForAddedTrip;getPatternForStopsWithRealTime;hasTripsForStop;getTripTimesOnNoServiceDay,T22_ODocument,0.8925619834710744,0.7363685354631048,0.8144652594670896,0.6971153846153846,1.0,0.9904761904761905,0.9952380952380953,0.25,1.0,0.73558836996337,0.13392857142857142,0.23281762739699058,0.18337309941278102,0.645,0.0,0.9904761904761905,0.49523809523809526,,0.02564102564102564,0.3886263736263736
T21_DefaultTransitService,opentripplanner/opentripplanner,18,5,8,getScheduledTripTimes;listCanceledTrips;getPatternForStopsWithoutRealTime;modeFromPatterns;getScheduledTripTimesForAddedTrip,T22_ODocument,0.8801652892561983,0.7194101926536243,0.7997877409549112,0.59375,1.0,0.9904761904761905,0.9952380952380953,0.2222222222222222,1.0,0.7028025793650794,0.1390532544378698,0.235475150394917,0.1872642024163934,0.8768115942028986,0.0,0.9904761904761905,0.49523809523809526,,0.02564102564102564,0.4658969050273398
T21_DefaultTransitService,opentripplanner/opentripplanner,18,5,9,stopOrChildId;modeFromPatterns;stationModes;hasTripsForStop;getTripTimesOnNoServiceDay,T22_ODocument,0.8925619834710744,0.7324018741817543,0.8124819288264143,0.6971153846153846,1.0,0.9333333333333333,0.9666666666666667,0.25,1.0,0.7284455128205128,0.13513513513513514,0.23163187826466983,0.1833835066999025,0.6488095238095238,0.0,0.9333333333333333,0.4666666666666667,,0.02564102564102564,0.38037240537240535
T22_ODocument,orientechnologies/orientdb,18,5,0,testUndo;testRemovingReadonlyField;testSetFieldAtListIndex;testKeepFieldTypeSerialization;testNoDirtySameBytes,T24_PmdAnalysis,0.68,0.48204324996616765,0.5810216249830839,0.9434426229508197,1.0,0.8666666666666666,0.9333333333333333,,1.0,0.9589253187613843,0.1452991452991453,0.36384998543318225,0.2545745653661638,0.6666666666666666,1.0,0.9,0.95,0.0,0.0,0.4041666666666667
T22_ODocument,orientechnologies/orientdb,18,5,1,testKeepFieldType;testCopyToCopiesEmptyFieldsTypesAndOwners;testResetResetsFieldTypes;testChangeTypeOnValueSet;testKeepFieldTypeSerialization,T24_PmdAnalysis,0.5542857142857143,0.37648383662119855,0.4653847754534564,0.853448275862069,1.0,1.0,1.0,,1.0,0.9511494252873564,0.1631578947368421,0.34866676115540596,0.25591232794612406,0.0,1.0,1.0,1.0,0.0,0.0,0.25
T22_ODocument,orientechnologies/orientdb,18,5,2,testKeepSchemafullFieldTypeSerialization;testRemovingReadonlyField;testKeepFieldType;testClearResetsFieldTypes;testCopyToCopiesEmptyFieldsTypesAndOwners,T24_PmdAnalysis,0.6685714285714286,0.5040205093459927,0.5862959689587106,0.85,1.0,1.0,1.0,,1.0,0.9500000000000001,0.1391304347826087,0.34541664364777164,0.24227353921519018,0.25,1.0,1.0,1.0,0.0,0.0,0.3125
T22_ODocument,orientechnologies/orientdb,18,5,3,testNoDirtySameString;testGetSetProperty;testResetResetsFieldTypes;testNoDirtySameBytes;testRemovingReadonlyField,T24_PmdAnalysis,0.6342857142857142,0.403588482631874,0.5189370984587941,0.7798507462686567,1.0,1.0,1.0,,1.0,0.9266169154228856,0.1511111111111111,0.3451872945504448,0.24814920283077796,0.4,1.0,1.0,1.0,0.0,0.0,0.35
T22_ODocument,orientechnologies/orientdb,18,5,4,testRemovingReadonlyField;testSetFieldAtListIndex;testKeepFieldTypeSerialization;testNullConstructor;testMergeNull,T24_PmdAnalysis,0.6628571428571428,0.41732320394329236,0.5400901734002176,0.8636363636363636,1.0,0.8666666666666666,0.9333333333333333,,1.0,0.9323232323232323,0.13445378151260504,0.35338334741278554,0.24391856446269528,0.42857142857142855,1.0,0.8666666666666666,0.9333333333333333,0.0,0.0,0.3404761904761905
T22_ODocument,orientechnologies/orientdb,18,5,5,testClearResetsFieldTypes;testKeepFieldType;testKeepSchemafullFieldTypeSerialization;testFailNullMapKey;testChangeTypeOnValueSet,T24_PmdAnalysis,0.6514285714285715,0.4109388097022085,0.5311836905653899,0.8541666666666667,1.0,1.0,1.0,,1.0,0.951388888888889,0.13596491228070176,0.33071941010152633,0.23334216119111406,0.6666666666666666,1.0,1.0,1.0,0.0,0.0,0.41666666666666663
T22_ODocument,orientechnologies/orientdb,18,5,6,testKeepSchemafullFieldTypeSerialization;testMergeNull;testSetFieldAtListIndex;testFailNullMapKey;testNoDirtySameBytes,T24_PmdAnalysis,0.6914285714285714,0.42422810149018325,0.5578283364593773,0.8954225352112677,1.0,0.9333333333333333,0.9666666666666667,,1.0,0.9540297339593115,0.13865546218487396,0.3558911703988502,0.24727331629186208,0.42857142857142855,1.0,0.9333333333333333,0.9666666666666667,0.0,0.0,0.3488095238095238
T22_ODocument,orientechnologies/orientdb,18,5,7,testKeepFieldTypeSerialization;testFailNestedSetNull;testNoDirtySameBytes;testFailNullMapKey;testMergeNull,T24_PmdAnalysis,0.6057142857142858,0.3170739651390919,0.46139412542668884,0.8479166666666667,1.0,0.9333333333333333,0.9666666666666667,,1.0,0.9381944444444444,0.14953271028037382,0.3263506375274852,0.2379416739039295,0.6145833333333333,1.0,0.9333333333333333,0.9666666666666667,0.0,0.0,0.39531249999999996
T22_ODocument,orientechnologies/orientdb,18,5,8,testResetResetsFieldTypes;testChangeTypeOnValueSet;testKeepAutoFieldTypeSerialization;testFailNullMapKey;testGetSetProperty,T24_PmdAnalysis,0.56,0.35092953346133804,0.45546476673066905,0.927536231884058,1.0,1.0,1.0,,1.0,0.9758454106280193,0.14492753623188406,0.3164729849298574,0.23070026058087073,0.8333333333333333,1.0,1.0,1.0,0.0,0.0,0.4583333333333333
T22_ODocument,orientechnologies/orientdb,18,5,9,testNoDirtySameBytes;testCopyToCopiesEmptyFieldsTypesAndOwners;testNullConstructor;testClearResetsFieldTypes;testChangeTypeOnValueSet,T24_PmdAnalysis,0.5771428571428572,0.3352481852763369,0.45619552120959705,0.8829365079365079,1.0,0.9333333333333333,0.9666666666666667,,1.0,0.9498677248677249,0.15311004784688995,0.35522803010555326,0.2541690389762216,0.3333333333333333,1.0,0.9333333333333333,0.9666666666666667,0.0,0.0,0.325
T23_OMatchStatement,orientechnologies/orientdb,28,5,0,testDepthAlias;testOrderBy;testSingleMethod;testPathAlias;testNoReturn,T24_PmdAnalysis,0.6947368421052632,0.3700750111227067,0.5324059266139849,1.0,1.0,1.0,1.0,0.8235294117647058,1.0,0.9558823529411764,0.14772727272727273,0.20388197243460876,0.17580462258094076,0.3333333333333333,1.0,1.0,1.0,0.0,0.0,0.3333333333333333
T23_OMatchStatement,orientechnologies/orientdb,28,5,1,testNoReturn;testOrderBy;testLongPath2;testFieldTraversal;testWhile,T24_PmdAnalysis,0.6947368421052632,0.4023948888267186,0.5485658654659908,1.0,1.0,0.85,0.925,0.85,1.0,0.94375,0.15584415584415584,0.21844875075409267,0.18714645329912427,0.0,1.0,0.85,0.925,0.0,0.0,0.23125
T23_OMatchStatement,orientechnologies/orientdb,28,5,2,testMultiPathArrows;testArrowsNoBrackets;testWrongFilterKey;testWhile;testMultiPath,T24_PmdAnalysis,0.6947368421052632,0.3982837090566199,0.5465102755809416,1.0,1.0,0.9,0.95,0.7222222222222222,1.0,0.9180555555555555,0.13872832369942195,0.21236464022918522,0.17554648196430359,0.25,1.0,0.8,0.9,0.0,0.0,0.2875
T23_OMatchStatement,orientechnologies/orientdb,28,5,3,testMultiPath;testSingleMethod;testNestedProjections;testOptional;testClusterTarget,T24_PmdAnalysis,0.6947368421052632,0.43248651617109723,0.5636116791381802,1.0,1.0,0.9,0.95,0.84,1.0,0.9475,0.14204545454545456,0.2106559922628357,0.17635072340414515,0.2,1.0,0.6,0.8,0.0,0.0,0.25
T23_OMatchStatement,orientechnologies/orientdb,28,5,4,testWrongFilterKey;testNot;testFieldTraversal;testSingleMethod;testLimit,T24_PmdAnalysis,0.6947368421052632,0.3799697805586478,0.5373533113319555,1.0,1.0,0.8,0.9,0.8421052631578947,1.0,0.9355263157894737,0.14285714285714285,0.2104878725018901,0.17667250767951648,0.2857142857142857,1.0,0.6,0.8,0.0,0.0,0.27142857142857146
T23_OMatchStatement,orientechnologies/orientdb,28,5,5,testArrowsNoBrackets;testUnwind;testNoReturn;testWhileArrow;testReturnJson,T24_PmdAnalysis,0.6842105263157895,0.3410368468289123,0.5126236865723509,1.0,1.0,0.9,0.95,0.8125,1.0,0.940625,0.13736263736263737,0.20978310059994018,0.17357286898128876,0.5,1.0,0.6666666666666666,0.8333333333333333,0.0,0.0,0.3333333333333333
T23_OMatchStatement,orientechnologies/orientdb,28,5,6,testReturnJson;testFilterTypes2;testWrongFilterKey;testArrowsNoBrackets;testClusterTarget,T24_PmdAnalysis,0.6947368421052632,0.4382176073006847,0.5664772247029739,1.0,1.0,0.95,0.975,0.8260869565217391,1.0,0.9502717391304347,0.14204545454545456,0.22550418854012502,0.1837748215427898,0.2857142857142857,1.0,0.7666666666666666,0.8833333333333333,0.0,0.0,0.2922619047619047
T23_OMatchStatement,orientechnologies/orientdb,28,5,7,testReturnJson;testFieldTraversal;testOptional;testNoReturn;testMultipleMatches,T24_PmdAnalysis,0.6947368421052632,0.4377335027969972,0.5662351724511302,1.0,1.0,0.9,0.95,0.85,1.0,0.95,0.15384615384615385,0.21021248642243007,0.18202932013429196,0.3333333333333333,1.0,0.6,0.8,0.0,0.0,0.2833333333333333
T23_OMatchStatement,orientechnologies/orientdb,28,5,8,testArrowsNoBrackets;testFilterTypes2;testSingleMethodAndFilter;testLongPath;testMultipleMatchesArrow,T24_PmdAnalysis,0.7052631578947368,0.5085380893985537,0.6069006236466452,1.0,1.0,0.95,0.975,0.8,1.0,0.94375,0.14857142857142858,0.21780140049318547,0.18318641453230702,0.5,1.0,0.8333333333333334,0.9166666666666667,0.0,0.0,0.3541666666666667
T23_OMatchStatement,orientechnologies/orientdb,28,5,9,testUnwind;testWhileArrow;testLongPath;testMultiPath;testSingleMethodAndFilter,T24_PmdAnalysis,0.6947368421052632,0.41207622230485674,0.55340653220506,1.0,1.0,0.9,0.95,0.8,1.0,0.9375,0.1497005988023952,0.23037073955488108,0.19003566917863812,0.16666666666666666,1.0,0.6666666666666666,0.8333333333333333,0.0,0.0,0.24999999999999997
T24_PmdAnalysis,pmd/pmd,8,5,0,testRulesetWhenSomeoneHasAnError;testFileWithSpecificLanguage;testRuleFailureDuringInitialization;testPmdAnalysisWithEmptyConfig;testParseException,T25_QuteProcessor,0.7564102564102564,0.7591889548092221,0.7577996056097392,0.5757575757575757,1.0,1.0,1.0,0.1,1.0,0.668939393939394,0.17582417582417584,0.3860707731027244,0.28094747446345014,0.36363636363636365,1.0,0.9333333333333333,0.9666666666666667,,0.06666666666666667,0.46565656565656566
T24_PmdAnalysis,pmd/pmd,8,5,1,testParseException;testTextFileWithSpecificLanguage;testFileWithSpecificLanguage;testRuleFailureDuringInitialization;testRulesetWhenSomeoneHasAnError,T25_QuteProcessor,0.6025641025641025,0.7040663692594649,0.6533152359117838,0.15000000000000002,1.0,1.0,1.0,0.08333333333333333,1.0,0.5583333333333333,0.1638418079096045,0.40303353482051785,0.28343767136506115,0.375,1.0,0.9333333333333333,0.9666666666666667,,0.06666666666666667,0.4694444444444445
T24_PmdAnalysis,pmd/pmd,8,5,2,testRulesetLoading;testFileWithSpecificLanguage;testParseException;testPmdAnalysisWithEmptyConfig;testTextFileWithSpecificLanguage,T25_QuteProcessor,0.6602564102564102,0.7006324122194283,0.6804444112379193,0.6000000000000001,1.0,0.8666666666666666,0.9333333333333333,0.1,1.0,0.6583333333333333,0.18604651162790697,0.38610090375632833,0.28607370769211765,0.5,1.0,0.8666666666666666,0.9333333333333333,,0.06666666666666667,0.5
T24_PmdAnalysis,pmd/pmd,8,5,3,testRulesetLoading;testParseException;testTextFileWithSpecificLanguage;testRuleFailureDuringInitialization;testRulesetWhenSomeoneHasAnError,T25_QuteProcessor,0.7435897435897436,0.7488139226155052,0.7462018331026243,0.4777777777777778,1.0,0.8666666666666666,0.9333333333333333,0.09090909090909091,1.0,0.6255050505050506,0.16477272727272727,0.40956118715035544,0.28716695721154134,0.3333333333333333,1.0,0.8666666666666666,0.9333333333333333,,0.06666666666666667,0.4444444444444444
T24_PmdAnalysis,pmd/pmd,8,5,4,testRulesetWhenSomeoneHasAnError;testRendererInteractions;testParseException;testFileWithSpecificLanguage;testRulesetLoading,T25_QuteProcessor,0.7884615384615384,0.7762852194660885,0.7823733789638134,0.7857142857142857,1.0,0.8,0.9,0.125,1.0,0.7026785714285715,0.17142857142857143,0.42881614368357357,0.3001223575560725,0.2857142857142857,1.0,0.8,0.9,,0.06666666666666667,0.4174603174603175
T24_PmdAnalysis,pmd/pmd,8,5,5,testRulesetLoading;testTextFileWithSpecificLanguage;testPmdAnalysisWithEmptyConfig;testRulesetWhenSomeoneHasAnError;testRendererInteractions,T25_QuteProcessor,0.75,0.7382477558506615,0.7441238779253307,0.25,1.0,0.8666666666666666,0.9333333333333333,0.125,1.0,0.5770833333333334,0.1896551724137931,0.3934605251801938,0.2915578487969934,0.25,1.0,0.8666666666666666,0.9333333333333333,,0.06666666666666667,0.4166666666666667
T24_PmdAnalysis,pmd/pmd,8,5,6,testRendererInteractions;testRuleFailureDuringInitialization;testRulesetLoading;testFileWithSpecificLanguage;testRulesetWhenSomeoneHasAnError,T25_QuteProcessor,0.7884615384615384,0.7921108650041679,0.7902862017328531,0.7857142857142857,1.0,0.8666666666666666,0.9333333333333333,0.1111111111111111,1.0,0.7075396825396826,0.17647058823529413,0.3926578066327457,0.2845641974340199,0.42857142857142855,1.0,0.8666666666666666,0.9333333333333333,,0.06666666666666667,0.4761904761904762
T24_PmdAnalysis,pmd/pmd,8,5,7,testRuleFailureDuringInitialization;testRendererInteractions;testRulesetLoading;testPmdAnalysisWithEmptyConfig;testParseException,T25_QuteProcessor,0.6217948717948718,0.6819847770468466,0.6518898244208592,0.47916666666666663,1.0,0.8,0.9,0.1111111111111111,1.0,0.6225694444444444,0.17647058823529413,0.39751969755110605,0.2869951428932001,0.25,1.0,0.8,0.9,,0.06666666666666667,0.4055555555555556
T24_PmdAnalysis,pmd/pmd,8,5,8,testRulesetLoading;testRulesetWhenSomeoneHasAnError;testRendererInteractions;testRuleFailureDuringInitialization;testPmdAnalysisWithEmptyConfig,T25_QuteProcessor,0.6538461538461539,0.6722654673357824,0.6630558105909681,0.25,1.0,0.8666666666666666,0.9333333333333333,0.125,1.0,0.5770833333333334,0.17073170731707318,0.4292777050937342,0.3000047062054037,0.125,1.0,0.8666666666666666,0.9333333333333333,,0.06666666666666667,0.375
T24_PmdAnalysis,pmd/pmd,8,5,9,testRuleFailureDuringInitialization;testTextFileWithSpecificLanguage;testRulesetWhenSomeoneHasAnError;testRendererInteractions;testParseException,T25_QuteProcessor,0.75,0.8011597325606826,0.7755798662803413,0.47916666666666663,1.0,0.8666666666666666,0.9333333333333333,0.09090909090909091,1.0,0.6258522727272727,0.1736842105263158,0.39250047837865115,0.2830923444524835,0.5,1.0,0.8666666666666666,0.9333333333333333,,0.06666666666666667,0.5
T25_QuteProcessor,quarkusio/quarkus,2,1,0,testTemplateDataIgnorePattern,T26_ServerMain,0.5952380952380952,0.5396540261796365,0.5674460607088658,0.375,1.0,1.0,1.0,,1.0,0.7916666666666666,0.17647058823529413,0.1981964280112783,0.1873335081232862,0.375,1.0,1.0,1.0,0.0,0.08333333333333333,0.3645833333333333
T25_QuteProcessor,quarkusio/quarkus,2,1,1,testCollectNamespaceExpressions,T26_ServerMain,0.5952380952380952,0.6111267907964082,0.6031824430172517,0.375,1.0,1.0,1.0,,1.0,0.7916666666666666,0.1553398058252427,0.06866705478955851,0.1120034303074006,0.5833333333333334,1.0,1.0,1.0,0.0,0.08333333333333333,0.4166666666666667
T25_QuteProcessor,quarkusio/quarkus,2,1,2,testTemplateDataIgnorePattern,T26_ServerMain,0.5952380952380952,0.5396540261796365,0.5674460607088658,0.375,1.0,1.0,1.0,,1.0,0.7916666666666666,0.1493212669683258,0.06614634903635427,0.10773380800234003,0.4519230769230769,1.0,1.0,1.0,0.0,0.08333333333333333,0.3838141025641026
T25_QuteProcessor,quarkusio/quarkus,2,1,3,testCollectNamespaceExpressions,T26_ServerMain,0.5952380952380952,0.6111267907964082,0.6031824430172517,0.375,1.0,1.0,1.0,,1.0,0.7916666666666666,0.16055045871559634,0.07108267092493012,0.11581656482026323,0.5555555555555556,1.0,1.0,1.0,0.0,0.08333333333333333,0.4097222222222222
T25_QuteProcessor,quarkusio/quarkus,2,1,4,testCollectNamespaceExpressions,T26_ServerMain,0.5952380952380952,0.6111267907964082,0.6031824430172517,0.375,1.0,1.0,1.0,,1.0,0.7916666666666666,0.1650485436893204,0.17745325421893599,0.1712508989541282,0.5625,1.0,1.0,1.0,0.0,0.08333333333333333,0.4114583333333333
T25_QuteProcessor,quarkusio/quarkus,2,1,5,testTemplateDataIgnorePattern,T26_ServerMain,0.5952380952380952,0.5396540261796365,0.5674460607088658,0.375,1.0,1.0,1.0,,1.0,0.7916666666666666,0.1702127659574468,0.06308898435116396,0.11665087515430539,0.375,1.0,1.0,1.0,0.0,0.08333333333333333,0.3645833333333333
T25_QuteProcessor,quarkusio/quarkus,2,1,6,testTemplateDataIgnorePattern,T26_ServerMain,0.5952380952380952,0.5396540261796365,0.5674460607088658,0.375,1.0,1.0,1.0,,1.0,0.7916666666666666,0.16336633663366337,0.06203723047603349,0.11270178355484843,0.5416666666666666,1.0,1.0,1.0,0.0,0.08333333333333333,0.40625
T25_QuteProcessor,quarkusio/quarkus,2,1,7,testTemplateDataIgnorePattern,T26_ServerMain,0.5952380952380952,0.5396540261796365,0.5674460607088658,0.375,1.0,1.0,1.0,,1.0,0.7916666666666666,0.171875,0.06298220097213814,0.11742860048606907,0.375,1.0,1.0,1.0,0.0,0.08333333333333333,0.3645833333333333
T25_QuteProcessor,quarkusio/quarkus,2,1,8,testCollectNamespaceExpressions,T26_ServerMain,0.5952380952380952,0.6111267907964082,0.6031824430172517,0.375,1.0,1.0,1.0,,1.0,0.7916666666666666,0.15841584158415842,0.06762607560629341,0.11302095859522591,0.6428571428571428,1.0,1.0,1.0,0.0,0.08333333333333333,0.431547619047619
T25_QuteProcessor,quarkusio/quarkus,2,1,9,testTemplateDataIgnorePattern,T26_ServerMain,0.5952380952380952,0.5396540261796365,0.5674460607088658,0.375,1.0,1.0,1.0,,1.0,0.7916666666666666,0.16580310880829016,0.06322359473583045,0.1145133517720603,0.375,1.0,1.0,1.0,0.0,0.08333333333333333,0.3645833333333333
T26_ServerMain,questdb/questdb,11,5,0,testShowParameters;testAsyncMunmap;testRecentWriteTrackerHydrationOnRestart;testServerMainStart;testServerUpgradeDoesNotOverrideWebConsoleConfig,T27_Operators,0.5136363636363637,0.590741233260861,0.5521887984486124,0.65,1.0,0.8666666666666666,0.9333333333333333,0.1111111111111111,1.0,0.6736111111111112,0.10588235294117647,0.21009312154912763,0.15798773724515205,0.0,0.08695652173913043,0.8666666666666666,0.47681159420289854,0.0,0.0,0.11920289855072463
T26_ServerMain,questdb/questdb,11,5,1,testServerMainNoStart;testRecentWriteTrackerHydrationOnRestart;testServerUpgradeDoesNotOverrideWebConsoleConfig;testPgWirePort;testServerMainStart,T27_Operators,0.4954545454545455,0.20520497972901855,0.350329762591782,0.5526315789473684,1.0,1.0,1.0,0.10526315789473684,1.0,0.6644736842105263,0.09292929292929293,0.17171173518811617,0.13232051405870454,0.0,0.08695652173913043,1.0,0.5434782608695652,0.0,0.0,0.1358695652173913
T26_ServerMain,questdb/questdb,11,5,2,testServerMainStart;testServerMainPgWire;testServerMainNoStart;testAsyncMunmap;testServerMainNoRestart,T27_Operators,0.4863636363636364,0.15851479930254567,0.32243921783309104,0.5769230769230769,1.0,0.9333333333333333,0.9666666666666667,0.1111111111111111,1.0,0.6636752136752136,0.0794979079497908,0.12622418584354228,0.10286104689666653,0.0,0.10869565217391304,0.9333333333333333,0.5210144927536232,0.0,0.0,0.1302536231884058
T26_ServerMain,questdb/questdb,11,5,3,testServerMainNoRestart;testServerMainNoStart;testServerUpgradeDoesNotOverrideWebConsoleConfig;testServerMainStart;testAsyncMunmap,T27_Operators,0.4863636363636364,0.17481101028471535,0.33058732332417584,0.5555555555555556,1.0,0.9333333333333333,0.9666666666666667,0.125,1.0,0.6618055555555555,0.0826271186440678,0.13938823257482685,0.11100767560944733,0.0,0.10869565217391304,0.9333333333333333,0.5210144927536232,0.0,0.0,0.1302536231884058
T26_ServerMain,questdb/questdb,11,5,4,testPgWirePort;testShowParameters;testAwaitStartupBeforeDropTable;testServerMainNoStart;testServerUpgradeDoesNotOverrideWebConsoleConfig,T27_Operators,0.4909090909090909,0.49367411943748496,0.49229160517328796,0.6458333333333333,1.0,0.9333333333333333,0.9666666666666667,0.09090909090909091,1.0,0.6758522727272727,0.10460251046025104,0.19132105136705108,0.14796178091365106,0.0,0.0851063829787234,0.9333333333333333,0.5092198581560283,0.0,0.0,0.12730496453900708
T26_ServerMain,questdb/questdb,11,5,5,testAwaitStartupBeforeDropTable;testServerUpgradeDoesNotOverrideWebConsoleConfig;testServerMainStart;testServerMainPgWire;testRecentWriteTrackerHydrationOnRestart,T27_Operators,0.45454545454545453,0.20990496478177345,0.332225209663614,0.6388888888888888,1.0,1.0,1.0,0.043478260869565216,1.0,0.6705917874396136,0.09054325955734406,0.1783288152164669,0.1344360373869055,0.0,0.0851063829787234,1.0,0.5425531914893617,0.0,0.0,0.1356382978723404
T26_ServerMain,questdb/questdb,11,5,6,testRecentWriteTrackerHydrationOnRestart;testAsyncMunmap;testServerMainStart;testPgWirePort;testServerMainNoRestart,T27_Operators,0.5318181818181819,0.20924099148451097,0.3705295866513464,0.6458333333333333,1.0,0.9333333333333333,0.9666666666666667,0.06666666666666667,1.0,0.6697916666666667,0.10141987829614604,0.17316725468876878,0.13729356649245741,0.0,0.10869565217391304,0.9333333333333333,0.5210144927536232,0.0,0.0,0.1302536231884058
T26_ServerMain,questdb/questdb,11,5,7,testServerMainNoRestart;testAsyncMunmap;testServerUpgradeDoesNotOverrideWebConsoleConfig;testAwaitStartupBeforeDropTable;testRecentWriteTrackerHydrationOnRestart,T27_Operators,0.5,0.23014750215779586,0.36507375107889795,0.6363636363636364,1.0,0.9333333333333333,0.9666666666666667,0.07407407407407407,1.0,0.6692760942760942,0.09819639278557114,0.18938957475184706,0.1437929837687091,0.0,0.08695652173913043,0.9333333333333333,0.5101449275362319,0.0,0.0,0.12753623188405797
T26_ServerMain,questdb/questdb,11,5,8,testRecentWriteTrackerHydrationOnRestart;testServerMainStartHttpDisabled;testAwaitStartupBeforeDropTable;testAsyncMunmap;testServerMainPgWire,T27_Operators,0.4681818181818182,0.20430675687260758,0.3362442875272129,0.6071428571428571,1.0,0.9333333333333333,0.9666666666666667,0.043478260869565216,1.0,0.6543219461697722,0.10272536687631027,0.1784523138498344,0.14058884036307234,0.0,0.10869565217391304,0.9333333333333333,0.5210144927536232,0.0,0.0,0.1302536231884058
T26_ServerMain,questdb/questdb,11,5,9,testServerMainStart;testAsyncMunmap;testPgWirePort;testServerUpgradeDoesNotOverrideWebConsoleConfig;testRecentWriteTrackerHydrationOnRestart,T27_Operators,0.5363636363636364,0.2327207826754958,0.3845422095195661,0.575,1.0,0.9333333333333333,0.9666666666666667,0.13043478260869565,1.0,0.6680253623188406,0.09919028340080972,0.18492996964555103,0.14206012652318037,0.0,0.0851063829787234,0.9333333333333333,0.5092198581560283,0.0,0.0,0.12730496453900708
T27_Operators,reactor/reactor-core,54,5,0,scanDeferredSubscription;discardQueueWithClearContinuesOnExtractionError;discardAdapterIsAdditive;pollErrorModeLocalStrategy;onNextFailureWithStrategyMatchingDoesntCancel,T28_Subscription,0.4134366925064599,0.24722750713850672,0.33033209982248335,0.7183257918552036,0.8478260869565218,0.8333333333333334,0.8405797101449276,0.08333333333333333,1.0,0.6605597088333661,0.13087248322147652,0.30601284061058,0.21844266191602824,0.0,0.8333333333333334,0.8333333333333334,0.8333333333333334,0.0,0.024390243902439025,0.2144308943089431
T27_Operators,reactor/reactor-core,54,5,1,meaningfulScalarSubscriptionStepName;onErrorDroppedLocal;discardCollectionStopsOnIsEmptyError;onNextFailureWithStrategyNotMatchingDoesCancel;scanCancelledSubscription,T28_Subscription,0.3772609819121447,0.20938849766870887,0.2933247397904268,0.7163608562691132,0.8478260869565218,0.8333333333333334,0.8405797101449276,0.125,1.0,0.6704851416035102,0.13553113553113552,0.2651881250980531,0.2003596303145943,0.0,0.8333333333333334,0.8333333333333334,0.8333333333333334,0.0,0.024390243902439025,0.2144308943089431
T27_Operators,reactor/reactor-core,54,5,2,meaningfulCancelledSubscriptionStepName;discardIteratorStopsOnIterationError;scanMultiSubscriptionSubscriber;cancelledSubscription;unboundedOrPrefetch,T28_Subscription,0.3875968992248062,0.22249243243832614,0.3050446658315662,0.7952380952380953,1.0,0.9333333333333333,0.9666666666666667,0.25,1.0,0.7529761904761905,0.1444043321299639,0.2910725185934843,0.2177384253617241,0.0,0.8,0.9333333333333333,0.8666666666666667,0.0,0.024390243902439025,0.22276422764227644
T27_Operators,reactor/reactor-core,54,5,3,liftVsLiftPublisher;meaningfulEmptySubscriptionStepName;unboundedOrPrefetch;reportThrowInSubscribeWithFuseableErrorResumed;scanMonoSubscriber,T28_Subscription,0.3772609819121447,0.22291703380038252,0.3000890078562636,0.8284313725490196,1.0,0.9833333333333334,0.9916666666666667,0.1111111111111111,1.0,0.7328022875816993,0.13732394366197184,0.3062256540835681,0.22177479887276996,0.0,0.8,0.9833333333333334,0.8916666666666667,0.0,0.024390243902439025,0.22901422764227644
T27_Operators,reactor/reactor-core,54,5,4,addAndGetAtomicField;scanCancelledSubscription;onNextErrorModeLocalStrategy;onDiscardCallbackErrorsLog;testOnRejectedWithReactorRee,T28_Subscription,0.3669250645994832,0.20513715067683666,0.2860311076381599,0.7666083916083917,0.8170212765957446,1.0,0.9085106382978723,0.0,1.0,0.6687797574765659,0.1347517730496454,0.28869583631901014,0.21172380468432778,0.0,0.64,1.0,0.8200000000000001,0.0,0.024390243902439025,0.21109756097560978
T27_Operators,reactor/reactor-core,54,5,5,unboundedOrPrefetch;constructor;scanMultiSubscriptionSubscriber;testOnRejectedWithOutsideRee;onOperatorErrorLocal,T28_Subscription,0.3643410852713178,0.20174766615213338,0.2830443757117256,0.7785714285714286,0.8170212765957446,0.8666666666666666,0.8418439716312056,0.0,1.0,0.6551038500506585,0.13602941176470587,0.280207266679542,0.20811833922212392,0.0,0.8,0.8666666666666666,0.8333333333333333,0.0,0.024390243902439025,0.21443089430894308
T27_Operators,reactor/reactor-core,54,5,6,discardCollectionStopsOnIterationError;noopFluxCancelled;onErrorDroppedLocal;constructor;discardCollectionContinuesWhenIteratorElementFailsToBeDiscarded,T28_Subscription,0.35658914728682173,0.20629764162226913,0.2814433944545454,0.5720720720720721,1.0,0.8666666666666666,0.9333333333333333,0.18181818181818182,1.0,0.6718058968058969,0.1449814126394052,0.282190867553744,0.21358614009657462,0.0,0.8,0.8666666666666666,0.8333333333333333,0.0,0.024390243902439025,0.21443089430894308
T27_Operators,reactor/reactor-core,54,5,7,cancelledSubscription;scanMultiSubscriptionSubscriber;onNextFailureWithStrategyMatchingDoesntCancel;discardIteratorContinuesWhenIteratorElementFailsToBeDiscarded;onRejectedExecutionWithoutDataSignalDelegatesToErrorLocal,T28_Subscription,0.4289405684754522,0.24476331861204573,0.336851943543749,0.7923951048951049,0.8478260869565218,0.7722222222222221,0.810024154589372,0.1111111111111111,1.0,0.678382592648897,0.12457912457912458,0.3216022509910652,0.2230906877850949,0.0,0.6666666666666666,0.7722222222222221,0.7194444444444443,0.0,0.024390243902439025,0.18595867208672084
T27_Operators,reactor/reactor-core,54,5,8,scanCancelledSubscription;meaningfulScalarSubscriptionStepName;discardCollectionContinuesWhenIteratorElementFailsToBeDiscarded;meaningfulCancelledSubscriptionStepName;reportThrowInSubscribeWithFuseableErrorResumed,T28_Subscription,0.32041343669250644,0.1997252690996217,0.2600693528960641,0.7567567567567568,1.0,1.0,1.0,0.0,1.0,0.6891891891891893,0.13602941176470587,0.25804864835968344,0.19703903006219464,0.0,1.0,1.0,1.0,0.0,0.024390243902439025,0.25609756097560976
T27_Operators,reactor/reactor-core,54,5,9,scanMonoSubscriber;onNextFailureWithStrategyMatchingButNotNullDoesCancel;emptySubscriberNotScannableStepName;shouldBeSerialIfRacy;onRejectedExecutionWithDataSignalDelegatesToErrorLocal,T28_Subscription,0.40568475452196384,0.2338705877163176,0.31977767111914074,0.7803398058252426,0.6808510638297872,0.8333333333333334,0.7570921985815603,0.125,1.0,0.6656080011017007,0.15254237288135594,0.32010487377557745,0.23632362332846668,0.0,0.7000000000000001,0.8333333333333334,0.7666666666666667,0.0,0.024390243902439025,0.19776422764227644
T28_Subscription,real-logic/aeron,14,5,0,tryResolveChannelEndpointPortReturnsOriginalUriIfEndpointDoesNotNeedResolving;tryResolveChannelEndpointPortReturnsNullIfChannelStatusIsNotActive;shouldEnsureTheSubscriptionIsOpenWhenPolling;shouldReadNothingWhenNoImages;shouldReadData,T30_FileConfiguration,0.8352941176470589,0.7006936195240769,0.7679938685855678,0.8863636363636364,0.7,0.9234432234432235,0.8117216117216117,0.25,1.0,0.737021312021312,0.13333333333333333,0.17932088852382672,0.15632711092858004,0.6904761904761905,0.012121212121212121,0.9234432234432235,0.4677822177822178,0.14285714285714285,0.05555555555555555,0.33916777666777664
T28_Subscription,real-logic/aeron,14,5,1,shouldEnsureTheSubscriptionIsOpenWhenPolling;shouldReadNothingWhenThereIsNoData;shouldReadData;tryResolveChannelEndpointPortReturnsChannelWithResolvedPort;tryResolveChannelEndpointPortReturnsOriginalChannelIfNoAddressesFound,T30_FileConfiguration,0.8352941176470589,0.6455762481787667,0.7404351829129128,0.8181818181818181,0.7,0.9144444444444444,0.8072222222222222,0.4444444444444444,1.0,0.7674621212121212,0.12871287128712872,0.194509532125865,0.16161120170649684,0.6744186046511628,0.012121212121212121,0.9144444444444444,0.46328282828282824,0.16666666666666666,0.05555555555555555,0.3399809137890533
T28_Subscription,real-logic/aeron,14,5,2,resolvedEndpointReturnsNullIfChannelStatusIsActiveButThereIsNoActiveBindAddress;tryResolveChannelEndpointPortReturnsOriginalUriIfEndpointDoesNotNeedResolving;shouldEnsureTheSubscriptionIsOpenWhenPolling;tryResolveChannelEndpointPortReturnsNullIfChannelStatusIsActiveButThereAreNoActiveBindAddresses;resolvedEndpointReturnsNullIfChannelStatusIsNotActive,T30_FileConfiguration,0.788235294117647,0.7161244050194113,0.7521798495685292,0.6818181818181819,0.8400000000000001,0.9798872180451127,0.9099436090225563,0.38461538461538464,1.0,0.7440942938640307,0.13013698630136986,0.16837839170058178,0.1492576890009758,0.5357142857142857,0.024242424242424242,0.9798872180451127,0.5020648211437685,0.1111111111111111,0.05555555555555555,0.30111144338118023
T28_Subscription,real-logic/aeron,14,5,3,tryResolveChannelEndpointPortReturnsOriginalUriIfEndpointDoesNotNeedResolving;tryResolveChannelEndpointPortReturnsChannelWithResolvedPort;tryResolveChannelEndpointPortReturnsNullIfChannelStatusIsNotActive;tryResolveChannelEndpointPortReturnsOriginalChannelIfNoAddressesFound;shouldEnsureTheSubscriptionIsOpenWhenPolling,T30_FileConfiguration,0.788235294117647,0.6987012668739774,0.7434682804958122,0.6928571428571428,0.8400000000000001,0.9712210012210012,0.9056105006105006,0.36363636363636365,1.0,0.7405260017760018,0.13175675675675674,0.1842489660987378,0.15800286142774728,0.5946843853820598,0.024242424242424242,0.9712210012210012,0.49773171273171274,0.125,0.05555555555555555,0.318242913417332
T28_Subscription,real-logic/aeron,14,5,4,tryResolveChannelEndpointPortReturnsChannelWithResolvedPort;tryResolveChannelEndpointPortReturnsOriginalChannelIfNoAddressesFound;shouldReadNothingWhenThereIsNoData;tryResolveChannelEndpointPortReturnsNullIfChannelStatusIsActiveButThereAreNoActiveBindAddresses;resolvedEndpointReturnsNullIfChannelStatusIsNotActive,T30_FileConfiguration,0.8,0.6953550937774344,0.7476775468887172,0.8939393939393939,0.8400000000000001,0.974093567251462,0.907046783625731,0.46153846153846156,1.0,0.8156311597758966,0.13333333333333333,0.2044497192342978,0.16889152628381557,0.7032520325203252,0.0,0.974093567251462,0.487046783625731,0.125,0.05555555555555555,0.34271359292540293
T28_Subscription,real-logic/aeron,14,5,5,shouldEnsureTheSubscriptionIsOpenWhenPolling;resolvedEndpointReturnsNullIfChannelStatusIsNotActive;shouldReadData;resolvedEndpointReturnsNullIfChannelStatusIsActiveButThereIsNoActiveBindAddress;shouldAcceptBrokenChannelUriAtCreationTime,T30_FileConfiguration,0.8352941176470589,0.7422146104161562,0.7887543640316075,0.7833333333333333,0.7,0.925,0.8125,0.36363636363636365,1.0,0.7398674242424242,0.13468013468013468,0.17993129252863013,0.1573057136043824,0.7142857142857143,0.012121212121212121,0.925,0.46856060606060607,0.125,0.05555555555555555,0.340850468975469
T28_Subscription,real-logic/aeron,14,5,6,tryResolveChannelEndpointPortReturnsNullIfChannelStatusIsActiveButThereAreNoActiveBindAddresses;shouldReadNothingWhenThereIsNoData;tryResolveChannelEndpointPortReturnsNullIfChannelStatusIsNotActive;resolvedEndpointReturnsNullIfChannelStatusIsActiveButThereIsNoActiveBindAddress;tryResolveChannelEndpointPortReturnsChannelWithResolvedPort,T30_FileConfiguration,0.8,0.7189349417902544,0.7594674708951272,0.7954545454545454,0.8400000000000001,0.966187584345479,0.9030937921727396,0.42857142857142855,1.0,0.7817799415496783,0.14181818181818182,0.20426079065099886,0.17303948623459034,0.6857142857142857,0.024242424242424242,0.966187584345479,0.49521500429395165,0.1111111111111111,0.05555555555555555,0.336898989168726
T28_Subscription,real-logic/aeron,14,5,7,tryResolveChannelEndpointPortReturnsNullIfChannelStatusIsActiveButThereAreNoActiveBindAddresses;tryResolveChannelEndpointPortReturnsOriginalUriIfEndpointDoesNotNeedResolving;shouldReadData;tryResolveChannelEndpointPortReturnsOriginalChannelIfNoAddressesFound;tryResolveChannelEndpointPortReturnsNullIfChannelStatusIsNotActive,T30_FileConfiguration,0.8529411764705882,0.762515178833822,0.8077281776522052,0.7651515151515151,0.8400000000000001,0.9108701240280188,0.8754350620140094,0.3,1.0,0.7351466442913811,0.1326530612244898,0.1895605241351224,0.1611067926798061,0.6333333333333333,0.024242424242424242,0.9108701240280188,0.46755627413522155,0.125,0.05555555555555555,0.3203612907560276
T28_Subscription,real-logic/aeron,14,5,8,resolvedEndpointReturnsNullIfChannelStatusIsActiveButThereIsNoActiveBindAddress;shouldReadNothingWhenThereIsNoData;tryResolveChannelEndpointPortReturnsNullIfChannelStatusIsActiveButThereAreNoActiveBindAddresses;shouldAcceptBrokenChannelUriAtCreationTime;shouldReadData,T30_FileConfiguration,0.8529411764705882,0.6756943033262757,0.764317739898432,0.75,0.7,0.9179824561403509,0.8089912280701754,0.36363636363636365,1.0,0.7306568979266348,0.13732394366197184,0.1934534420338609,0.16538869284791635,0.6891891891891893,0.012121212121212121,0.9179824561403509,0.4650518341307815,0.125,0.05555555555555555,0.33369914471888157
T28_Subscription,real-logic/aeron,14,5,9,tryResolveChannelEndpointPortReturnsNullIfChannelStatusIsNotActive;tryResolveChannelEndpointPortReturnsOriginalUriIfEndpointDoesNotNeedResolving;resolvedEndpointReturnsFirstFoundActiveAddress;resolvedEndpointReturnsNullIfChannelStatusIsActiveButThereIsNoActiveBindAddress;shouldReadNothingWhenNoImages,T30_FileConfiguration,0.7941176470588235,0.7311101743634426,0.762613910711133,0.8428571428571429,0.8400000000000001,0.9817765567765567,0.9108882783882783,0.42857142857142855,1.0,0.7955792124542125,0.14391143911439114,0.20238852281202693,0.17314998096320905,0.6666666666666667,0.024242424242424242,0.9817765567765567,0.5030094905094905,0.1111111111111111,0.05555555555555555,0.33408570596070597
T29_AeronCluster,real-logic/aeron,5,4,0,shouldCloseItselfWhenDisconnectedForLongerThanNewLeaderTimeout;shouldCloseItselfAfterReachingMaxPositionOnTheIngressPublication;shouldCloseItselfWhenUnableToSendMessageForLongerThanNewLeaderConnectionTimeout;shouldCloseIngressPublicationWhenEgressImageCloses,T30_FileConfiguration,0.9095744680851063,0.8548678660809869,0.8822211670830467,0.85,1.0,1.0,1.0,0.5555555555555556,1.0,0.8513888888888889,0.13622291021671826,0.21294520896255717,0.1745840595896377,0.6428571428571428,0.0,1.0,0.5,0.1111111111111111,0.05405405405405406,0.327005577005577
T29_AeronCluster,real-logic/aeron,5,4,1,shouldCloseItselfAfterReachingMaxPositionOnTheIngressPublication;shouldCloseItselfWhenDisconnectedForLongerThanNewLeaderTimeout;shouldCloseIngressPublicationWhenEgressImageCloses;shouldStayConnectedAfterSuccessfulFailover,T30_FileConfiguration,0.9148936170212766,0.8739020614638398,0.8943978392425582,0.875,1.0,1.0,1.0,0.6,1.0,0.86875,0.13761467889908258,0.21019573212941894,0.17390520551425076,0.6744186046511628,0.0,1.0,0.5,0.1111111111111111,0.05405405405405406,0.334895942454082
T29_AeronCluster,real-logic/aeron,5,4,2,shouldCloseIngressPublicationWhenEgressImageCloses;shouldCloseItselfWhenUnableToSendMessageForLongerThanNewLeaderConnectionTimeout;shouldCloseItselfWhenDisconnectedForLongerThanNewLeaderTimeout;shouldCloseItselfAfterReachingMaxPositionOnTheIngressPublication,T30_FileConfiguration,0.9095744680851063,0.8548678660809869,0.8822211670830467,0.85,1.0,1.0,1.0,0.5555555555555556,1.0,0.8513888888888889,0.13622291021671826,0.2135099794277762,0.17486644482224722,0.6785714285714286,0.0,1.0,0.5,0.1111111111111111,0.05405405405405406,0.3359341484341484
T29_AeronCluster,real-logic/aeron,5,4,3,shouldCloseItselfWhenUnableToSendMessageForLongerThanNewLeaderConnectionTimeout;shouldStayConnectedAfterSuccessfulFailover;shouldCloseItselfWhenDisconnectedForLongerThanNewLeaderTimeout;shouldCloseIngressPublicationWhenEgressImageCloses,T30_FileConfiguration,0.8882978723404256,0.8559929995578374,0.8721454359491314,0.86,1.0,1.0,1.0,0.6190476190476191,1.0,0.8697619047619047,0.13761467889908258,0.21352594767760763,0.1755703132883451,0.6744186046511628,0.0,1.0,0.5,0.1111111111111111,0.05405405405405406,0.334895942454082
T29_AeronCluster,real-logic/aeron,5,4,4,shouldCloseItselfWhenDisconnectedForLongerThanNewLeaderTimeout;shouldCloseIngressPublicationWhenEgressImageCloses;shouldCloseItselfWhenUnableToSendMessageForLongerThanNewLeaderConnectionTimeout;shouldCloseItselfAfterReachingMaxPositionOnTheIngressPublication,T30_FileConfiguration,0.9095744680851063,0.8548678660809869,0.8822211670830467,0.85,1.0,1.0,1.0,0.5555555555555556,1.0,0.8513888888888889,0.1254125412541254,0.22321440151682997,0.1743134713854777,0.6707317073170732,0.0,1.0,0.5,0.1111111111111111,0.05405405405405406,0.3339742181205596
T29_AeronCluster,real-logic/aeron,5,4,5,shouldCloseItselfAfterReachingMaxPositionOnTheIngressPublication;shouldCloseItselfWhenUnableToSendMessageForLongerThanNewLeaderConnectionTimeout;shouldCloseIngressPublicationWhenEgressImageCloses;shouldStayConnectedAfterSuccessfulFailover,T30_FileConfiguration,0.9095744680851063,0.87368661043523,0.8916305392601682,0.8863636363636364,1.0,1.0,1.0,0.6190476190476191,1.0,0.8763528138528138,0.13761467889908258,0.2115853081749955,0.17459999353703903,0.6666666666666666,0.0,1.0,0.5,0.1111111111111111,0.05405405405405406,0.33295795795795796
T29_AeronCluster,real-logic/aeron,5,4,6,shouldCloseItselfWhenUnableToSendMessageForLongerThanNewLeaderConnectionTimeout;shouldCloseItselfWhenDisconnectedForLongerThanNewLeaderTimeout;shouldCloseIngressPublicationWhenEgressImageCloses;shouldCloseItselfAfterReachingMaxPositionOnTheIngressPublication,T30_FileConfiguration,0.9095744680851063,0.8548678660809869,0.8822211670830467,0.85,1.0,1.0,1.0,0.5555555555555556,1.0,0.8513888888888889,0.14006514657980457,0.22797479174064827,0.18401996916022642,0.6428571428571428,0.0,1.0,0.5,0.1111111111111111,0.05405405405405406,0.327005577005577
T29_AeronCluster,real-logic/aeron,5,4,7,shouldCloseItselfAfterReachingMaxPositionOnTheIngressPublication;shouldCloseIngressPublicationWhenEgressImageCloses;shouldCloseItselfWhenDisconnectedForLongerThanNewLeaderTimeout;shouldStayConnectedAfterSuccessfulFailover,T30_FileConfiguration,0.9148936170212766,0.8739020614638398,0.8943978392425582,0.875,1.0,1.0,1.0,0.6,1.0,0.86875,0.140625,0.22166219151067465,0.18114359575533734,0.6375,0.0,1.0,0.5,0.1111111111111111,0.05405405405405406,0.32566629129129127
T29_AeronCluster,real-logic/aeron,5,4,8,shouldCloseIngressPublicationWhenEgressImageCloses;shouldStayConnectedAfterSuccessfulFailover;shouldCloseItselfWhenUnableToSendMessageForLongerThanNewLeaderConnectionTimeout;shouldCloseItselfWhenDisconnectedForLongerThanNewLeaderTimeout,T30_FileConfiguration,0.8882978723404256,0.8559929995578374,0.8721454359491314,0.86,1.0,1.0,1.0,0.6190476190476191,1.0,0.8697619047619047,0.14057507987220447,0.22838048391701796,0.18447778189461123,0.6621621621621622,0.0,1.0,0.5,0.1111111111111111,0.05405405405405406,0.33183183183183185
T29_AeronCluster,real-logic/aeron,5,4,9,shouldStayConnectedAfterSuccessfulFailover;shouldCloseItselfWhenDisconnectedForLongerThanNewLeaderTimeout;shouldCloseIngressPublicationWhenEgressImageCloses;shouldCloseItselfAfterReachingMaxPositionOnTheIngressPublication,T30_FileConfiguration,0.9148936170212766,0.8739020614638398,0.8943978392425582,0.875,1.0,1.0,1.0,0.6,1.0,0.86875,0.14193548387096774,0.2349589172371185,0.18844720055404313,0.6212121212121212,0.0,1.0,0.5,0.1111111111111111,0.05405405405405406,0.3215943215943216
T30_FileConfiguration,seata/seata,39,5,0,testGetShort;testRemoveConfig;testGetConfigFromSystemProperty;testSpecialCharacters;testFileConfigurationWithCustomName,T31_JadxDecompiler,0.3645833333333333,0.2483429789917803,0.3064631561625568,0.8095238095238095,1.0,0.8,0.9,0.6666666666666666,1.0,0.844047619047619,0.17985611510791366,0.3312364953003819,0.2555463052041478,0.0,1.0,1.0,1.0,0.0,0.1111111111111111,0.2777777777777778
T30_FileConfiguration,seata/seata,39,5,1,testGetConfigWithTimeout;testGetShortWithDefault;testGetListenersForNonExistentKey;testGetLongWithTimeout;testRemoveExistingConfig,T31_JadxDecompiler,0.3854166666666667,0.23659187580271682,0.31100427123469176,0.8627906976744186,1.0,1.0,1.0,1.0,1.0,0.9656976744186047,0.17482517482517482,0.31986601338900217,0.2473455941070885,0.0,1.0,1.0,1.0,0.0,0.1111111111111111,0.2777777777777778
T30_FileConfiguration,seata/seata,39,5,2,testNullValues;testGetLatestConfig;testPutConfigIfAbsent;testFileConfigurationWithCustomName;testPutConfigIfAbsentWithTimeout,T31_JadxDecompiler,0.3541666666666667,0.2411679112962986,0.29766728898148265,0.7976190476190477,1.0,0.9333333333333333,0.9666666666666667,0.6666666666666666,1.0,0.8577380952380953,0.1610738255033557,0.3015532647367094,0.23131354512003255,0.0,1.0,1.0,1.0,0.0,0.1111111111111111,0.2777777777777778
T30_FileConfiguration,seata/seata,39,5,3,testGetListenersForNonExistentKey;testAddNullListener;testPutConfigIfAbsent;testGetTypeName;testRemoveConfigWithTimeout,T31_JadxDecompiler,0.375,0.24017017766319482,0.3075850888315974,0.7162790697674419,1.0,1.0,1.0,0.6666666666666666,1.0,0.8457364341085272,0.15789473684210525,0.31099044500361683,0.23444259092286104,0.0,1.0,1.0,1.0,0.0,0.1111111111111111,0.2777777777777778
T30_FileConfiguration,seata/seata,39,5,4,testPutConfigWithTimeout;testGetLong;testRemoveConfigWithTimeout;addConfigListener;testAddNullListener,T31_JadxDecompiler,0.4010416666666667,0.30671494627803214,0.3538783064723494,0.813588850174216,0.8,0.9333333333333333,0.8666666666666667,0.5,1.0,0.7950638792102207,0.14917127071823205,0.3381478239078904,0.24365954731306122,0.0,0.8,1.0,0.9,0.0,0.1111111111111111,0.25277777777777777
T30_FileConfiguration,seata/seata,39,5,5,testGetConfigWithTimeout;testGetIntWithTimeout;testFileConfigurationWithCustomName;testPutAndGetConfig;testGetLongWithDefault,T31_JadxDecompiler,0.3854166666666667,0.24169996040788103,0.31355831353727387,0.8690476190476191,1.0,1.0,1.0,0.6666666666666666,1.0,0.8839285714285714,0.2028985507246377,0.3122350021469123,0.25756677643577497,0.0,1.0,1.0,1.0,0.0,0.1111111111111111,0.2777777777777778
T30_FileConfiguration,seata/seata,39,5,6,testGetConfigFromSystemProperty;testGetLong;testRemoveLastListener;testGetLatestConfig;testDiffDefaultValue,T31_JadxDecompiler,0.4479166666666667,0.3211024351095422,0.38450955088810446,0.8252747252747252,1.0,0.9333333333333333,0.9666666666666667,0.8,1.0,0.897985347985348,0.14917127071823205,0.31568218053269553,0.2324267256254638,0.0,1.0,1.0,1.0,0.0,0.1111111111111111,0.2777777777777778
T30_FileConfiguration,seata/seata,39,5,7,testGetLong;testGetLongWithDefault;testRemoveLastListener;testMultipleConfigOperations;testPutConfigIfAbsent,T31_JadxDecompiler,0.4166666666666667,0.3000565876076924,0.35836162713717956,0.8,1.0,0.9333333333333333,0.9666666666666667,0.8,1.0,0.8916666666666667,0.18666666666666668,0.32730345648612946,0.25698506157639806,0.0,1.0,0.9333333333333333,0.9666666666666667,0.0,0.1111111111111111,0.26944444444444443
T30_FileConfiguration,seata/seata,39,5,8,testDiffDefaultValue;testPutConfig;testRemoveListenerWithBlankDataId;testNullValues;testGetConfigFromEnvironmentVariable,T31_JadxDecompiler,0.4166666666666667,0.30324255612554396,0.3599546113961053,0.8071253071253072,1.0,0.8666666666666666,0.9333333333333333,0.8,1.0,0.8851146601146601,0.16049382716049382,0.32872416993415077,0.2446089985473223,0.0,1.0,1.0,1.0,0.0,0.1111111111111111,0.2777777777777778
T30_FileConfiguration,seata/seata,39,5,9,testDiffDefaultValue;testRemoveLastListener;testGetConfigFromSystemProperty;testMultipleConfigOperations;testFileConfigurationWithNonExistentFile,T31_JadxDecompiler,0.4322916666666667,0.31673221128297363,0.37451193897482016,0.7848484848484849,1.0,0.9888888888888889,0.9944444444444445,0.6666666666666666,1.0,0.861489898989899,0.15083798882681565,0.3159929234502218,0.23341545613851872,0.0,1.0,0.9888888888888889,0.9944444444444445,0.0,0.1111111111111111,0.2763888888888889
T31_JadxDecompiler,skylot/jadx,3,2,0,testDirectDexInput;testResourcesLoad,T02_CheckpointCoordinator,0.6885245901639344,0.7818322426235111,0.7351784163937227,0.8666666666666667,1.0,1.0,1.0,0.3333333333333333,1.0,0.8,0.05352112676056338,0.14490799312174338,0.09921455994115339,0.6182108626198083,1.0,0.8333333333333333,0.9166666666666666,0.0,0.45454545454545453,0.4973557459579824
T31_JadxDecompiler,skylot/jadx,3,2,1,testResourcesLoad;testDirectDexInput,T02_CheckpointCoordinator,0.6885245901639344,0.7818322426235111,0.7351784163937227,0.8666666666666667,1.0,1.0,1.0,0.3333333333333333,1.0,0.8,0.05273069679849341,0.14509574963107782,0.09891322321478561,0.6269349845201239,1.0,0.8333333333333333,0.9166666666666666,0.0,0.45454545454545453,0.49953677643306127
T31_JadxDecompiler,skylot/jadx,3,2,2,testExampleUsage;testDirectDexInput,T02_CheckpointCoordinator,0.5901639344262295,0.6921584957135736,0.6411612150699015,0.7666666666666666,1.0,1.0,1.0,0.3333333333333333,1.0,0.775,0.047573739295908656,0.1339305656077991,0.09075215245185388,0.6220588235294118,1.0,0.8333333333333333,0.9166666666666666,0.0,0.45454545454545453,0.4983177361853832
T31_JadxDecompiler,skylot/jadx,3,2,3,testExampleUsage;testDirectDexInput,T02_CheckpointCoordinator,0.5901639344262295,0.6921584957135736,0.6411612150699015,0.7666666666666666,1.0,1.0,1.0,0.3333333333333333,1.0,0.775,0.047573739295908656,0.13438347772928974,0.0909786085125992,0.6230769230769231,1.0,0.8333333333333333,0.9166666666666666,0.0,0.45454545454545453,0.49857226107226105
T31_JadxDecompiler,skylot/jadx,3,2,4,testDirectDexInput;testExampleUsage,T02_CheckpointCoordinator,0.5901639344262295,0.6921584957135736,0.6411612150699015,0.7666666666666666,1.0,1.0,1.0,0.3333333333333333,1.0,0.775,0.04945598417408507,0.13500280553472974,0.0922293948544074,0.6186943620178041,1.0,0.8333333333333333,0.9166666666666666,0.0,0.45454545454545453,0.49747662080748134
T31_JadxDecompiler,skylot/jadx,3,2,5,testExampleUsage;testResourcesLoad,T02_CheckpointCoordinator,0.639344262295082,0.7414110592424301,0.6903776607687561,0.8666666666666667,1.0,0.6666666666666666,0.8333333333333333,0.375,1.0,0.76875,0.052083333333333336,0.14364771871222434,0.09786552602277884,0.6204268292682926,1.0,0.6666666666666666,0.8333333333333333,0.0,0.45454545454545453,0.4770764042867701
T31_JadxDecompiler,skylot/jadx,3,2,6,testDirectDexInput;testExampleUsage,T02_CheckpointCoordinator,0.5901639344262295,0.6921584957135736,0.6411612150699015,0.7666666666666666,1.0,1.0,1.0,0.3333333333333333,1.0,0.775,0.04743833017077799,0.13350419248017792,0.09047126132547795,0.6272727272727272,1.0,0.8333333333333333,0.9166666666666666,0.0,0.45454545454545453,0.4996212121212121
T31_JadxDecompiler,skylot/jadx,3,2,7,testExampleUsage;testResourcesLoad,T02_CheckpointCoordinator,0.639344262295082,0.7414110592424301,0.6903776607687561,0.8666666666666667,1.0,0.6666666666666666,0.8333333333333333,0.375,1.0,0.76875,0.051789077212806026,0.14488884896140772,0.09833896308710688,0.6204819277108433,1.0,0.6666666666666666,0.8333333333333333,0.0,0.45454545454545453,0.4770901788974078
T31_JadxDecompiler,skylot/jadx,3,2,8,testResourcesLoad;testDirectDexInput,T02_CheckpointCoordinator,0.6885245901639344,0.7818322426235111,0.7351784163937227,0.8666666666666667,1.0,1.0,1.0,0.3333333333333333,1.0,0.8,0.055286129970902036,0.14523938619518167,0.10026275808304186,0.6203703703703703,1.0,0.8333333333333333,0.9166666666666666,0.0,0.45454545454545453,0.4978956228956229
T31_JadxDecompiler,skylot/jadx,3,2,9,testExampleUsage;testDirectDexInput,T02_CheckpointCoordinator,0.5901639344262295,0.6921584957135736,0.6411612150699015,0.7666666666666666,1.0,1.0,1.0,0.3333333333333333,1.0,0.775,0.04780114722753346,0.1339725182461445,0.09088683273683898,0.621301775147929,1.0,0.8333333333333333,0.9166666666666666,0.0,0.45454545454545453,0.49812847409001254
